rank	espn_name	canonical_abbrev	overall_sp_plus	off_component_unused	def_component_unused	st_component_unused
1	Ohio State	OHST	31.8	40.6 (2)	8.8 (1)	0.1 (67)
2	Oregon	ORE	28.3	40.7 (1)	12.6 (3)	0.3 (50)
3	Notre Dame	ND	25.8	40.2 (3)	14.6 (9)	0.3 (47)
4	Georgia	UGA	25.5	38.2 (5)	13.3 (5)	0.6 (3)
5	Indiana	IND	24.5	37.4 (9)	13.5 (6)	0.5 (22)
6	Texas	TEX	23.7	37.6 (7)	14.3 (8)	0.4 (31)
7	Texas Tech	TTU	23.1	37.6 (8)	14.7 (11)	0.2 (54)
8	Miami	MIA	21.0	34.4 (12)	13.7 (7)	0.3 (42)
9	Texas A&M	TAMU	20.3	37.3 (10)	16.7 (14)	-0.3 (99)
10	LSU	LSU	20.2	32.5 (21)	12.5 (2)	0.2 (53)
11	Alabama	ALA	18.2	31.3 (32)	12.6 (4)	-0.4 (109)
12	Oklahoma	OU	17.2	31.6 (27)	14.7 (10)	0.4 (33)
13	USC	USC	16.8	37.7 (6)	20.5 (29)	-0.3 (100)
14	Michigan	MICH	16.1	32.8 (20)	16.2 (13)	-0.5 (113)
15	Tennessee	TENN	16.0	38.7 (4)	23.0 (50)	0.4 (34)
16	Ole Miss	MISS	15.9	35.0 (11)	19.7 (25)	0.7 (1)
17	Penn St.	PSU	15.7	33.6 (14)	18.6 (23)	0.6 (6)
18	BYU	BYU	15.5	33.3 (16)	18.1 (20)	0.3 (45)
19	Florida	FLA	14.9	30.2 (39)	15.9 (12)	0.5 (17)
20	Missouri	MIZ	14.8	32.2 (24)	16.9 (15)	-0.5 (118)
21	Washington	WASH	14.5	32.4 (22)	17.6 (19)	-0.3 (96)
22	Iowa	IOWA	13.6	30.3 (38)	17.3 (17)	0.6 (10)
23	Clemson	CLEM	12.8	29.5 (48)	17.0 (16)	0.3 (41)
24	S. Carolina	SCAR	12.1	29.9 (44)	18.4 (21)	0.5 (19)
25	Utah	UTAH	11.9	33.0 (18)	21.1 (34)	0.0 (74)
26	Auburn	AUB	11.2	28.4 (55)	17.5 (18)	0.3 (51)
27	Louisville	LOU	11.0	30.6 (36)	19.7 (26)	0.2 (55)
28	SMU	SMU	10.9	31.9 (25)	20.7 (32)	-0.4 (104)
29	Kansas St.	KSU	10.4	33.1 (17)	23.0 (49)	0.3 (49)
30	Arizona	ARIZ	10.2	31.5 (29)	20.8 (33)	-0.5 (119)
31	Vanderbilt	VAN	10.0	33.4 (15)	24.1 (56)	0.6 (7)
32	Va. Tech	VT	9.4	31.1 (34)	21.5 (38)	-0.2 (89)
33	Illinois	ILL	9.3	31.5 (28)	22.7 (44)	0.4 (30)
34	TCU	TCU	9.1	31.3 (31)	21.9 (40)	-0.2 (87)
35	Florida St.	FSU	8.8	29.7 (45)	20.6 (30)	-0.3 (94)
36	Houston	HOU	8.2	31.3 (30)	22.8 (45)	-0.4 (101)
37	Nebraska	NEB	7.7	29.2 (49)	21.5 (39)	0.1 (69)
38	Oklahoma St.	OKST	7.1	30.0 (42)	23.4 (52)	0.5 (26)
39	Boise State	BSU	6.8	29.9 (43)	22.8 (46)	-0.3 (93)
40	Virginia	UVA	6.6	26.3 (63)	19.9 (27)	0.2 (58)
41	Pittsburgh	PITT	6.5	30.2 (40)	23.8 (53)	0.1 (60)
42	Arizona St.	AZST	6.4	28.2 (57)	21.2 (37)	-0.6 (129)
43	Ga. Tech	GT	6.0	28.8 (53)	23.4 (51)	0.6 (11)
44	Duke	DUKE	5.7	32.8 (19)	27.5 (81)	0.4 (36)
45	Minnesota	MINN	5.2	25.3 (71)	19.5 (24)	-0.5 (125)
46	UCLA	UCLA	5.1	29.0 (52)	23.9 (54)	0.0 (71)
47	Arkansas	ARK	5.0	34.1 (13)	29.3 (91)	0.3 (44)
48	NC State	NCST	4.9	30.7 (35)	25.3 (64)	-0.4 (103)
49	Northwestern	NW	4.6	24.5 (78)	20.4 (28)	0.5 (29)
50	Cincinnati	CIN	4.5	29.6 (46)	25.4 (65)	0.3 (46)
51	Baylor	BAY	4.5	32.2 (23)	28.3 (87)	0.6 (2)
52	Miss. St.	MSST	3.9	30.1 (41)	26.7 (76)	0.5 (21)
53	Kentucky	UK	3.8	25.0 (75)	21.2 (36)	0.0 (75)
54	N. Carolina	UNC	3.8	24.5 (80)	21.1 (35)	0.4 (32)
55	Maryland	MD	3.8	26.1 (65)	22.7 (43)	0.3 (39)
56	California	CAL	3.7	29.2 (50)	25.2 (62)	-0.3 (95)
57	Kansas	KAN	3.7	29.0 (51)	25.9 (70)	0.6 (9)
58	Wake Forest	WAKE	3.6	24.2 (83)	20.7 (31)	0.0 (78)
59	UNLV	UNLV	2.8	31.2 (33)	28.4 (89)	0.1 (66)
60	UCF	UCF	2.3	24.5 (79)	22.1 (41)	-0.1 (83)
61	Wisconsin	WISC	1.8	20.6 (106)	18.5 (22)	-0.3 (97)
62	Rutgers	RUTG	1.8	30.4 (37)	28.7 (90)	0.1 (68)
63	Navy	NAVY	1.1	27.8 (58)	26.9 (77)	0.2 (56)
64	Iowa State	ISU	1.0	22.9 (94)	22.4 (42)	0.5 (27)
65	Colorado	COLO	0.9	26.3 (64)	24.9 (57)	-0.5 (116)
66	W. Virginia	WVU	0.8	26.3 (62)	25.6 (66)	0.1 (63)
67	Michigan St.	MSU	0.4	26.7 (61)	25.9 (69)	-0.4 (105)
68	New Mexico	UNM	-0.5	25.3 (68)	26.4 (73)	0.6 (13)
69	Syracuse	SYR	-0.7	23.9 (85)	25.0 (59)	0.4 (35)
70	Memphis	MEM	-1.1	28.3 (56)	30.0 (95)	0.5 (18)
71	SDSU	SDSU	-1.3	23.1 (93)	25.0 (60)	0.6 (5)
72	NDSU	NDSU	-1.4	24.4 (82)	25.8 (67)	0.0 (76)
73	UTSA	UTSA	-1.5	29.5 (47)	31.2 (102)	0.1 (59)
74	Boston Coll.	BC	-1.5	25.4 (67)	27.4 (80)	0.5 (28)
75	Stanford	STAN	-1.9	22.7 (97)	24.0 (55)	-0.6 (128)
76	ECU	ECU	-2.0	24.2 (84)	26.0 (71)	-0.2 (84)
77	JMU	JMU	-2.1	25.0 (76)	26.7 (75)	-0.4 (102)
78	Fresno St.	FRES	-2.3	20.6 (105)	22.9 (47)	0.0 (79)
79	Air Force	AFA	-2.4	25.3 (70)	27.7 (83)	0.1 (65)
80	USF	USF	-2.8	27.5 (59)	30.1 (98)	-0.3 (91)
81	Miami-OH	M-OH	-2.9	19.5 (111)	22.9 (48)	0.5 (16)
82	Purdue	PUR	-2.9	23.8 (86)	27.4 (79)	0.6 (4)
83	Army	ARMY	-3.0	24.5 (81)	27.6 (82)	0.1 (64)
84	Hawaii	HAW	-3.9	25.3 (69)	29.8 (93)	0.6 (8)
85	Wash. St.	WSU	-5.3	19.9 (110)	25.1 (61)	-0.1 (81)
86	WKU	WKU	-5.3	25.2 (73)	31.0 (101)	0.5 (24)
87	Tulane	TULN	-5.5	22.2 (99)	28.3 (86)	0.6 (14)
88	ODU	ODU	-5.8	20.2 (109)	25.3 (63)	-0.7 (134)
89	Texas St.	TXST	-5.9	31.8 (26)	37.8 (129)	0.1 (61)
90	Troy	TROY	-6.0	23.6 (90)	29.8 (94)	0.2 (52)
91	Oregon St.	ORST	-6.3	20.9 (104)	26.5 (74)	-0.7 (137)
92	Marshall	MRSH	-6.4	28.5 (54)	35.2 (124)	0.3 (48)
93	Liberty	LIB	-6.4	25.5 (66)	31.7 (104)	-0.2 (88)
94	FAU	FAU	-7.1	27.2 (60)	34.9 (120)	0.5 (20)
95	WMU	WMU	-7.2	19.0 (112)	25.8 (68)	-0.4 (106)
96	Tulsa	TLSA	-7.6	23.5 (91)	31.7 (103)	0.5 (23)
97	Utah St.	USU	-7.7	23.7 (87)	30.9 (100)	-0.5 (117)
98	J'ville State	JVST	-7.7	24.8 (77)	32.0 (107)	-0.5 (126)
99	Colorado St.	CSU	-8.3	18.8 (113)	27.0 (78)	-0.1 (82)
100	La. Tech	LT	-8.3	22.3 (98)	30.6 (99)	0.0 (70)
101	Arkansas St.	ARST	-8.5	23.7 (88)	32.3 (111)	0.1 (62)
102	Temple	TEM	-8.7	25.2 (74)	34.3 (117)	0.3 (38)
103	Ga. Southern	GASO	-8.9	23.2 (92)	32.1 (109)	0.0 (72)
104	Louisiana	ULL	-9.1	25.2 (72)	33.9 (116)	-0.5 (115)
105	Kennesaw St.	KENN	-9.3	21.3 (101)	30.1 (97)	-0.5 (127)
106	Wyoming	WYO	-9.6	16.0 (124)	25.0 (58)	-0.6 (130)
107	UConn	CONN	-11.2	20.3 (107)	32.1 (108)	0.6 (15)
108	Toledo	TOL	-11.5	16.7 (121)	27.9 (84)	-0.4 (108)
109	North Texas	UNT	-11.8	23.6 (89)	35.2 (123)	-0.2 (90)
110	Buffalo	BUFF	-11.9	15.7 (126)	28.1 (85)	0.6 (12)
111	App. St.	APP	-12.1	21.2 (102)	33.6 (115)	0.3 (40)
112	Nevada	NEV	-12.2	17.4 (117)	30.0 (96)	0.4 (37)
113	CMU	CMU	-12.4	17.4 (116)	29.6 (92)	-0.2 (86)
114	Delaware	DEL	-13.0	22.7 (96)	35.4 (126)	-0.3 (98)
115	BGSU	BGSU	-13.3	14.8 (128)	28.3 (88)	0.3 (43)
116	S. Alabama	USA	-13.3	22.7 (95)	35.4 (125)	-0.7 (136)
117	Ohio	OHIO	-13.6	13.3 (134)	26.2 (72)	-0.6 (132)
118	FIU	FIU	-13.7	21.5 (100)	35.0 (122)	-0.3 (92)
119	Coastal Caro.	CCU	-13.8	21.1 (103)	34.4 (118)	-0.5 (112)
120	Rice	RICE	-14.7	17.0 (119)	32.2 (110)	0.5 (25)
121	EMU	EMU	-15.0	17.8 (115)	32.8 (112)	0.0 (73)
122	SJSU	SJSU	-15.5	18.6 (114)	33.6 (114)	-0.5 (120)
123	NMSU	NMSU	-16.4	17.0 (118)	33.4 (113)	-0.1 (80)
124	UAB	UAB	-18.1	20.3 (108)	37.9 (132)	-0.5 (123)
125	NIU	NIU	-18.2	13.8 (132)	31.8 (105)	-0.2 (85)
126	Missouri St.	MOST	-18.7	16.7 (122)	34.9 (121)	-0.5 (122)
127	Akron	AKR	-19.5	13.0 (135)	31.9 (106)	-0.6 (131)
128	Kent St.	KENT	-20.1	15.9 (125)	35.5 (127)	-0.5 (121)
129	UTEP	UTEP	-20.5	14.7 (129)	34.7 (119)	-0.5 (114)
130	Sac State	SAC	-22.7	15.1 (127)	37.9 (131)	0.0 (76)
131	So. Miss	USM	-23.3	16.4 (123)	39.2 (133)	-0.4 (110)
132	UL-Monroe	ULM	-24.3	14.3 (130)	37.9 (130)	-0.7 (138)
133	Georgia St.	GAST	-25.1	17.0 (120)	41.4 (137)	-0.7 (133)
134	Ball State	BALL	-25.2	12.2 (136)	36.7 (128)	-0.7 (135)
135	MTSU	MTSU	-26.0	13.7 (133)	39.9 (134)	0.2 (57)
136	Sam Houston	SHSU	-26.3	14.1 (131)	40.0 (135)	-0.4 (107)
137	UMass	MASS	-30.9	9.6 (138)	40.1 (136)	-0.5 (124)
138	Charlotte	CLT	-32.4	10.4 (137)	42.3 (138)	-0.5 (111)
