sheet	cell	v0.3.1_value	v0.4.2_value
START HERE	A1	'TO THE WINDOW — NCAAF POWER RATINGS 2026 (v0.3.1 STRUCTURAL BUILD)'	'TO THE WINDOW — NCAAF POWER RATINGS 2026 (v0.4.2 PHASE 4 SP+ CORRECTION — PENDING APPROVAL)'
START HERE	A3	'PHASE 3 STATE: 888-game verified 2026 ESPN schedule loaded (values only); game-pipeline capacity expanded to 1,000 rows (6:1005). Ratings, quarterbacks, market lines, and statistics are still not loaded — every game correctly reports PENDING LINE (or a data-quality block) until Phase 4 loads verified rating/market data.'	'PHASE 4 STATE: verified SP+, FPI, and TeamRankings 2026 preseason ratings are loaded for all 138 teams (PRESEASON, raw + date + citation; blend renormalizes over these three sources, available weight 0.70). Still unavailable or unpopulated: TTW independent 2025 prior (source access blocked - see CHANGELOG), VSiN (user-supplied, not provided), QB values (depth charts not yet published), market lines, and in-season statistics. Games correctly report PENDING LINE or a data-quality block until those load.'
SETTINGS	C22	'BLANK until Phase 4 — totals show NOT AVAILABLE while blank'	'BLOCKED/DEFERRED — totals constants stay blank until verified in-season EPA data is available; totals show NOT AVAILABLE while blank'
SETTINGS	C23	'BLANK until Phase 4'	'BLOCKED/DEFERRED — stays blank until verified in-season EPA data is available'
PRESEASON	A1	'PRESEASON — source blend (VALUES EMPTY UNTIL PHASE 4)'	'PRESEASON — source blend (SP+ + FPI + TeamRankings LOADED; TTW-prior/VSiN input columns blank — see CHANGELOG)'
PRESEASON	D6	None	18.2
PRESEASON	E6	None	datetime.datetime(2026, 3, 27, 0, 0)
PRESEASON	F6	None	'https://www.espn.com/college-football/story/_/id/48306284/2026-college-football-sp+-rankings-138-fbs-teams'
PRESEASON	H6	None	20.1
PRESEASON	I6	None	datetime.datetime(2026, 7, 19, 0, 0)
PRESEASON	J6	None	'https://www.espn.com/college-football/fpi'
PRESEASON	Q6	None	21.6
PRESEASON	R6	None	datetime.datetime(2026, 7, 19, 0, 0)
PRESEASON	S6	None	'https://www.teamrankings.com/college-football/ranking/predictive-by-other'
PRESEASON	D7	None	5
PRESEASON	E7	None	datetime.datetime(2026, 3, 27, 0, 0)
PRESEASON	F7	None	'https://www.espn.com/college-football/story/_/id/48306284/2026-college-football-sp+-rankings-138-fbs-teams'
PRESEASON	H7	None	4.4
PRESEASON	I7	None	datetime.datetime(2026, 7, 19, 0, 0)
PRESEASON	J7	None	'https://www.espn.com/college-football/fpi'
PRESEASON	Q7	None	4.7
PRESEASON	R7	None	datetime.datetime(2026, 7, 19, 0, 0)
PRESEASON	S7	None	'https://www.teamrankings.com/college-football/ranking/predictive-by-other'
PRESEASON	D8	None	11.2
PRESEASON	E8	None	datetime.datetime(2026, 3, 27, 0, 0)
PRESEASON	F8	None	'https://www.espn.com/college-football/story/_/id/48306284/2026-college-football-sp+-rankings-138-fbs-teams'
PRESEASON	H8	None	12
PRESEASON	I8	None	datetime.datetime(2026, 7, 19, 0, 0)
PRESEASON	J8	None	'https://www.espn.com/college-football/fpi'
PRESEASON	Q8	None	13.4
PRESEASON	R8	None	datetime.datetime(2026, 7, 19, 0, 0)
PRESEASON	S8	None	'https://www.teamrankings.com/college-football/ranking/predictive-by-other'
PRESEASON	D9	None	14.9
PRESEASON	E9	None	datetime.datetime(2026, 3, 27, 0, 0)
PRESEASON	F9	None	'https://www.espn.com/college-football/story/_/id/48306284/2026-college-football-sp+-rankings-138-fbs-teams'
PRESEASON	H9	None	13.6
PRESEASON	I9	None	datetime.datetime(2026, 7, 19, 0, 0)
PRESEASON	J9	None	'https://www.espn.com/college-football/fpi'
PRESEASON	Q9	None	17.4
PRESEASON	R9	None	datetime.datetime(2026, 7, 19, 0, 0)
PRESEASON	S9	None	'https://www.teamrankings.com/college-football/ranking/predictive-by-other'
PRESEASON	D10	None	25.5
PRESEASON	E10	None	datetime.datetime(2026, 3, 27, 0, 0)
PRESEASON	F10	None	'https://www.espn.com/college-football/story/_/id/48306284/2026-college-football-sp+-rankings-138-fbs-teams'
PRESEASON	H10	None	24.8
PRESEASON	I10	None	datetime.datetime(2026, 7, 19, 0, 0)
PRESEASON	J10	None	'https://www.espn.com/college-football/fpi'
PRESEASON	Q10	None	28.4
PRESEASON	R10	None	datetime.datetime(2026, 7, 19, 0, 0)
PRESEASON	S10	None	'https://www.teamrankings.com/college-football/ranking/predictive-by-other'
PRESEASON	D11	None	3.8
PRESEASON	E11	None	datetime.datetime(2026, 3, 27, 0, 0)
PRESEASON	F11	None	'https://www.espn.com/college-football/story/_/id/48306284/2026-college-football-sp+-rankings-138-fbs-teams'
PRESEASON	H11	None	5.4
PRESEASON	I11	None	datetime.datetime(2026, 7, 19, 0, 0)
PRESEASON	J11	None	'https://www.espn.com/college-football/fpi'
PRESEASON	Q11	None	8.9
PRESEASON	R11	None	datetime.datetime(2026, 7, 19, 0, 0)
PRESEASON	S11	None	'https://www.teamrankings.com/college-football/ranking/predictive-by-other'
PRESEASON	D12	None	20.2
PRESEASON	E12	None	datetime.datetime(2026, 3, 27, 0, 0)
PRESEASON	F12	None	'https://www.espn.com/college-football/story/_/id/48306284/2026-college-football-sp+-rankings-138-fbs-teams'
PRESEASON	H12	None	20
PRESEASON	I12	None	datetime.datetime(2026, 7, 19, 0, 0)
PRESEASON	J12	None	'https://www.espn.com/college-football/fpi'
PRESEASON	Q12	None	22.1
PRESEASON	R12	None	datetime.datetime(2026, 7, 19, 0, 0)
PRESEASON	S12	None	'https://www.teamrankings.com/college-football/ranking/predictive-by-other'
PRESEASON	D13	None	3.9
PRESEASON	E13	None	datetime.datetime(2026, 3, 27, 0, 0)
PRESEASON	F13	None	'https://www.espn.com/college-football/story/_/id/48306284/2026-college-football-sp+-rankings-138-fbs-teams'
PRESEASON	H13	None	4.1
PRESEASON	I13	None	datetime.datetime(2026, 7, 19, 0, 0)
PRESEASON	J13	None	'https://www.espn.com/college-football/fpi'
PRESEASON	Q13	None	6.4
PRESEASON	R13	None	datetime.datetime(2026, 7, 19, 0, 0)
PRESEASON	S13	None	'https://www.teamrankings.com/college-football/ranking/predictive-by-other'
PRESEASON	D14	None	14.8
PRESEASON	E14	None	datetime.datetime(2026, 3, 27, 0, 0)
PRESEASON	F14	None	'https://www.espn.com/college-football/story/_/id/48306284/2026-college-football-sp+-rankings-138-fbs-teams'
PRESEASON	H14	None	12.2
PRESEASON	I14	None	datetime.datetime(2026, 7, 19, 0, 0)
PRESEASON	J14	None	'https://www.espn.com/college-football/fpi'
PRESEASON	Q14	None	15.4
PRESEASON	R14	None	datetime.datetime(2026, 7, 19, 0, 0)
PRESEASON	S14	None	'https://www.teamrankings.com/college-football/ranking/predictive-by-other'
PRESEASON	D15	None	17.2
PRESEASON	E15	None	datetime.datetime(2026, 3, 27, 0, 0)
PRESEASON	F15	None	'https://www.espn.com/college-football/story/_/id/48306284/2026-college-football-sp+-rankings-138-fbs-teams'
PRESEASON	H15	None	17.8
PRESEASON	I15	None	datetime.datetime(2026, 7, 19, 0, 0)
PRESEASON	J15	None	'https://www.espn.com/college-football/fpi'
PRESEASON	Q15	None	22
PRESEASON	R15	None	datetime.datetime(2026, 7, 19, 0, 0)
PRESEASON	S15	None	'https://www.teamrankings.com/college-football/ranking/predictive-by-other'
PRESEASON	D16	None	15.9
PRESEASON	E16	None	datetime.datetime(2026, 3, 27, 0, 0)
PRESEASON	F16	None	'https://www.espn.com/college-football/story/_/id/48306284/2026-college-football-sp+-rankings-138-fbs-teams'
PRESEASON	H16	None	16
PRESEASON	I16	None	datetime.datetime(2026, 7, 19, 0, 0)
PRESEASON	J16	None	'https://www.espn.com/college-football/fpi'
PRESEASON	Q16	None	22.3
PRESEASON	R16	None	datetime.datetime(2026, 7, 19, 0, 0)
PRESEASON	S16	None	'https://www.teamrankings.com/college-football/ranking/predictive-by-other'
PRESEASON	D17	None	12.1
PRESEASON	E17	None	datetime.datetime(2026, 3, 27, 0, 0)
PRESEASON	F17	None	'https://www.espn.com/college-football/story/_/id/48306284/2026-college-football-sp+-rankings-138-fbs-teams'
PRESEASON	H17	None	11.7
PRESEASON	I17	None	datetime.datetime(2026, 7, 19, 0, 0)
PRESEASON	J17	None	'https://www.espn.com/college-football/fpi'
PRESEASON	Q17	None	12.2
PRESEASON	R17	None	datetime.datetime(2026, 7, 19, 0, 0)
PRESEASON	S17	None	'https://www.teamrankings.com/college-football/ranking/predictive-by-other'
PRESEASON	D18	None	16
PRESEASON	E18	None	datetime.datetime(2026, 3, 27, 0, 0)
PRESEASON	F18	None	'https://www.espn.com/college-football/story/_/id/48306284/2026-college-football-sp+-rankings-138-fbs-teams'
PRESEASON	H18	None	15.1
PRESEASON	I18	None	datetime.datetime(2026, 7, 19, 0, 0)
PRESEASON	J18	None	'https://www.espn.com/college-football/fpi'
PRESEASON	Q18	None	16.8
PRESEASON	R18	None	datetime.datetime(2026, 7, 19, 0, 0)
PRESEASON	S18	None	'https://www.teamrankings.com/college-football/ranking/predictive-by-other'
PRESEASON	D19	None	23.7
PRESEASON	E19	None	datetime.datetime(2026, 3, 27, 0, 0)
PRESEASON	F19	None	'https://www.espn.com/college-football/story/_/id/48306284/2026-college-football-sp+-rankings-138-fbs-teams'
PRESEASON	H19	None	26.9
PRESEASON	I19	None	datetime.datetime(2026, 7, 19, 0, 0)
PRESEASON	J19	None	'https://www.espn.com/college-football/fpi'
PRESEASON	Q19	None	28.4
PRESEASON	R19	None	datetime.datetime(2026, 7, 19, 0, 0)
PRESEASON	S19	None	'https://www.teamrankings.com/college-football/ranking/predictive-by-other'
PRESEASON	D20	None	20.3
PRESEASON	E20	None	datetime.datetime(2026, 3, 27, 0, 0)
PRESEASON	F20	None	'https://www.espn.com/college-football/story/_/id/48306284/2026-college-football-sp+-rankings-138-fbs-teams'
PRESEASON	H20	None	20
PRESEASON	I20	None	datetime.datetime(2026, 7, 19, 0, 0)
PRESEASON	J20	None	'https://www.espn.com/college-football/fpi'
PRESEASON	Q20	None	22.7
PRESEASON	R20	None	datetime.datetime(2026, 7, 19, 0, 0)
PRESEASON	S20	None	'https://www.teamrankings.com/college-football/ranking/predictive-by-other'
PRESEASON	D21	None	10
PRESEASON	E21	None	datetime.datetime(2026, 3, 27, 0, 0)
PRESEASON	F21	None	'https://www.espn.com/college-football/story/_/id/48306284/2026-college-football-sp+-rankings-138-fbs-teams'
PRESEASON	H21	None	9
PRESEASON	I21	None	datetime.datetime(2026, 7, 19, 0, 0)
PRESEASON	J21	None	'https://www.espn.com/college-football/fpi'
PRESEASON	Q21	None	9.8
PRESEASON	R21	None	datetime.datetime(2026, 7, 19, 0, 0)
PRESEASON	S21	None	'https://www.teamrankings.com/college-football/ranking/predictive-by-other'
PRESEASON	D22	None	9.3
PRESEASON	E22	None	datetime.datetime(2026, 3, 27, 0, 0)
PRESEASON	F22	None	'https://www.espn.com/college-football/story/_/id/48306284/2026-college-football-sp+-rankings-138-fbs-teams'
PRESEASON	H22	None	6.3
PRESEASON	I22	None	datetime.datetime(2026, 7, 19, 0, 0)
PRESEASON	J22	None	'https://www.espn.com/college-football/fpi'
PRESEASON	Q22	None	9.2
PRESEASON	R22	None	datetime.datetime(2026, 7, 19, 0, 0)
PRESEASON	S22	None	'https://www.teamrankings.com/college-football/ranking/predictive-by-other'
PRESEASON	D23	None	24.5
PRESEASON	E23	None	datetime.datetime(2026, 3, 27, 0, 0)
PRESEASON	F23	None	'https://www.espn.com/college-football/story/_/id/48306284/2026-college-football-sp+-rankings-138-fbs-teams'
PRESEASON	H23	None	23.1
PRESEASON	I23	None	datetime.datetime(2026, 7, 19, 0, 0)
PRESEASON	J23	None	'https://www.espn.com/college-football/fpi'
PRESEASON	Q23	None	29
PRESEASON	R23	None	datetime.datetime(2026, 7, 19, 0, 0)
PRESEASON	S23	None	'https://www.teamrankings.com/college-football/ranking/predictive-by-other'
PRESEASON	D24	None	13.6
PRESEASON	E24	None	datetime.datetime(2026, 3, 27, 0, 0)
PRESEASON	F24	None	'https://www.espn.com/college-football/story/_/id/48306284/2026-college-football-sp+-rankings-138-fbs-teams'
PRESEASON	H24	None	10.6
PRESEASON	I24	None	datetime.datetime(2026, 7, 19, 0, 0)
PRESEASON	J24	None	'https://www.espn.com/college-football/fpi'
PRESEASON	Q24	None	13.9
PRESEASON	R24	None	datetime.datetime(2026, 7, 19, 0, 0)
PRESEASON	S24	None	'https://www.teamrankings.com/college-football/ranking/predictive-by-other'
PRESEASON	D25	None	3.8
PRESEASON	E25	None	datetime.datetime(2026, 3, 27, 0, 0)
PRESEASON	F25	None	'https://www.espn.com/college-football/story/_/id/48306284/2026-college-football-sp+-rankings-138-fbs-teams'
PRESEASON	H25	None	1
PRESEASON	I25	None	datetime.datetime(2026, 7, 19, 0, 0)
PRESEASON	J25	None	'https://www.espn.com/college-football/fpi'
PRESEASON	Q25	None	2.9
PRESEASON	R25	None	datetime.datetime(2026, 7, 19, 0, 0)
PRESEASON	S25	None	'https://www.teamrankings.com/college-football/ranking/predictive-by-other'
PRESEASON	D26	None	16.1
PRESEASON	E26	None	datetime.datetime(2026, 3, 27, 0, 0)
PRESEASON	F26	None	'https://www.espn.com/college-football/story/_/id/48306284/2026-college-football-sp+-rankings-138-fbs-teams'
PRESEASON	H26	None	15.9
PRESEASON	I26	None	datetime.datetime(2026, 7, 19, 0, 0)
PRESEASON	J26	None	'https://www.espn.com/college-football/fpi'
PRESEASON	Q26	None	19.8
PRESEASON	R26	None	datetime.datetime(2026, 7, 19, 0, 0)
PRESEASON	S26	None	'https://www.teamrankings.com/college-football/ranking/predictive-by-other'
PRESEASON	D27	None	0.4
PRESEASON	E27	None	datetime.datetime(2026, 3, 27, 0, 0)
PRESEASON	F27	None	'https://www.espn.com/college-football/story/_/id/48306284/2026-college-football-sp+-rankings-138-fbs-teams'
PRESEASON	H27	None	0.3
PRESEASON	I27	None	datetime.datetime(2026, 7, 19, 0, 0)
PRESEASON	J27	None	'https://www.espn.com/college-football/fpi'
PRESEASON	Q27	None	-0.3
PRESEASON	R27	None	datetime.datetime(2026, 7, 19, 0, 0)
PRESEASON	S27	None	'https://www.teamrankings.com/college-football/ranking/predictive-by-other'
PRESEASON	D28	None	5.2
PRESEASON	E28	None	datetime.datetime(2026, 3, 27, 0, 0)
PRESEASON	F28	None	'https://www.espn.com/college-football/story/_/id/48306284/2026-college-football-sp+-rankings-138-fbs-teams'
PRESEASON	H28	None	0.6
PRESEASON	I28	None	datetime.datetime(2026, 7, 19, 0, 0)
PRESEASON	J28	None	'https://www.espn.com/college-football/fpi'
PRESEASON	Q28	None	8.1
PRESEASON	R28	None	datetime.datetime(2026, 7, 19, 0, 0)
PRESEASON	S28	None	'https://www.teamrankings.com/college-football/ranking/predictive-by-other'
PRESEASON	D29	None	7.7
PRESEASON	E29	None	datetime.datetime(2026, 3, 27, 0, 0)
PRESEASON	F29	None	'https://www.espn.com/college-football/story/_/id/48306284/2026-college-football-sp+-rankings-138-fbs-teams'
PRESEASON	H29	None	8.8
PRESEASON	I29	None	datetime.datetime(2026, 7, 19, 0, 0)
PRESEASON	J29	None	'https://www.espn.com/college-football/fpi'
PRESEASON	Q29	None	8
PRESEASON	R29	None	datetime.datetime(2026, 7, 19, 0, 0)
PRESEASON	S29	None	'https://www.teamrankings.com/college-football/ranking/predictive-by-other'
PRESEASON	D30	None	4.6
PRESEASON	E30	None	datetime.datetime(2026, 3, 27, 0, 0)
PRESEASON	F30	None	'https://www.espn.com/college-football/story/_/id/48306284/2026-college-football-sp+-rankings-138-fbs-teams'
PRESEASON	H30	None	1.4
PRESEASON	I30	None	datetime.datetime(2026, 7, 19, 0, 0)
PRESEASON	J30	None	'https://www.espn.com/college-football/fpi'
PRESEASON	Q30	None	4.8
PRESEASON	R30	None	datetime.datetime(2026, 7, 19, 0, 0)
PRESEASON	S30	None	'https://www.teamrankings.com/college-football/ranking/predictive-by-other'
PRESEASON	D31	None	31.8
PRESEASON	E31	None	datetime.datetime(2026, 3, 27, 0, 0)
PRESEASON	F31	None	'https://www.espn.com/college-football/story/_/id/48306284/2026-college-football-sp+-rankings-138-fbs-teams'
PRESEASON	H31	None	28.7
PRESEASON	I31	None	datetime.datetime(2026, 7, 19, 0, 0)
PRESEASON	J31	None	'https://www.espn.com/college-football/fpi'
PRESEASON	Q31	None	32.3
PRESEASON	R31	None	datetime.datetime(2026, 7, 19, 0, 0)
PRESEASON	S31	None	'https://www.teamrankings.com/college-football/ranking/predictive-by-other'
PRESEASON	D32	None	28.3
PRESEASON	E32	None	datetime.datetime(2026, 3, 27, 0, 0)
PRESEASON	F32	None	'https://www.espn.com/college-football/story/_/id/48306284/2026-college-football-sp+-rankings-138-fbs-teams'
PRESEASON	H32	None	25.3
PRESEASON	I32	None	datetime.datetime(2026, 7, 19, 0, 0)
PRESEASON	J32	None	'https://www.espn.com/college-football/fpi'
PRESEASON	Q32	None	29.5
PRESEASON	R32	None	datetime.datetime(2026, 7, 19, 0, 0)
PRESEASON	S32	None	'https://www.teamrankings.com/college-football/ranking/predictive-by-other'
PRESEASON	D33	None	15.7
PRESEASON	E33	None	datetime.datetime(2026, 3, 27, 0, 0)
PRESEASON	F33	None	'https://www.espn.com/college-football/story/_/id/48306284/2026-college-football-sp+-rankings-138-fbs-teams'
PRESEASON	H33	None	13.7
PRESEASON	I33	None	datetime.datetime(2026, 7, 19, 0, 0)
PRESEASON	J33	None	'https://www.espn.com/college-football/fpi'
PRESEASON	Q33	None	16.4
PRESEASON	R33	None	datetime.datetime(2026, 7, 19, 0, 0)
PRESEASON	S33	None	'https://www.teamrankings.com/college-football/ranking/predictive-by-other'
PRESEASON	D34	None	-2.9
PRESEASON	E34	None	datetime.datetime(2026, 3, 27, 0, 0)
PRESEASON	F34	None	'https://www.espn.com/college-football/story/_/id/48306284/2026-college-football-sp+-rankings-138-fbs-teams'
PRESEASON	H34	None	-0.9
PRESEASON	I34	None	datetime.datetime(2026, 7, 19, 0, 0)
PRESEASON	J34	None	'https://www.espn.com/college-football/fpi'
PRESEASON	Q34	None	-2.1
PRESEASON	R34	None	datetime.datetime(2026, 7, 19, 0, 0)
PRESEASON	S34	None	'https://www.teamrankings.com/college-football/ranking/predictive-by-other'
PRESEASON	D35	None	1.8
PRESEASON	E35	None	datetime.datetime(2026, 3, 27, 0, 0)
PRESEASON	F35	None	'https://www.espn.com/college-football/story/_/id/48306284/2026-college-football-sp+-rankings-138-fbs-teams'
PRESEASON	H35	None	-0.2
PRESEASON	I35	None	datetime.datetime(2026, 7, 19, 0, 0)
PRESEASON	J35	None	'https://www.espn.com/college-football/fpi'
PRESEASON	Q35	None	0.8
PRESEASON	R35	None	datetime.datetime(2026, 7, 19, 0, 0)
PRESEASON	S35	None	'https://www.teamrankings.com/college-football/ranking/predictive-by-other'
PRESEASON	D36	None	5.1
PRESEASON	E36	None	datetime.datetime(2026, 3, 27, 0, 0)
PRESEASON	F36	None	'https://www.espn.com/college-football/story/_/id/48306284/2026-college-football-sp+-rankings-138-fbs-teams'
PRESEASON	H36	None	0.5
PRESEASON	I36	None	datetime.datetime(2026, 7, 19, 0, 0)
PRESEASON	J36	None	'https://www.espn.com/college-football/fpi'
PRESEASON	Q36	None	8.2
PRESEASON	R36	None	datetime.datetime(2026, 7, 19, 0, 0)
PRESEASON	S36	None	'https://www.teamrankings.com/college-football/ranking/predictive-by-other'
PRESEASON	D37	None	16.8
PRESEASON	E37	None	datetime.datetime(2026, 3, 27, 0, 0)
PRESEASON	F37	None	'https://www.espn.com/college-football/story/_/id/48306284/2026-college-football-sp+-rankings-138-fbs-teams'
PRESEASON	H37	None	17
PRESEASON	I37	None	datetime.datetime(2026, 7, 19, 0, 0)
PRESEASON	J37	None	'https://www.espn.com/college-football/fpi'
PRESEASON	Q37	None	20.9
PRESEASON	R37	None	datetime.datetime(2026, 7, 19, 0, 0)
PRESEASON	S37	None	'https://www.teamrankings.com/college-football/ranking/predictive-by-other'
PRESEASON	D38	None	14.5
PRESEASON	E38	None	datetime.datetime(2026, 3, 27, 0, 0)
PRESEASON	F38	None	'https://www.espn.com/college-football/story/_/id/48306284/2026-college-football-sp+-rankings-138-fbs-teams'
PRESEASON	H38	None	9.9
PRESEASON	I38	None	datetime.datetime(2026, 7, 19, 0, 0)
PRESEASON	J38	None	'https://www.espn.com/college-football/fpi'
PRESEASON	Q38	None	16.4
PRESEASON	R38	None	datetime.datetime(2026, 7, 19, 0, 0)
PRESEASON	S38	None	'https://www.teamrankings.com/college-football/ranking/predictive-by-other'
PRESEASON	D39	None	1.8
PRESEASON	E39	None	datetime.datetime(2026, 3, 27, 0, 0)
PRESEASON	F39	None	'https://www.espn.com/college-football/story/_/id/48306284/2026-college-football-sp+-rankings-138-fbs-teams'
PRESEASON	H39	None	4.8
PRESEASON	I39	None	datetime.datetime(2026, 7, 19, 0, 0)
PRESEASON	J39	None	'https://www.espn.com/college-football/fpi'
PRESEASON	Q39	None	8.4
PRESEASON	R39	None	datetime.datetime(2026, 7, 19, 0, 0)
PRESEASON	S39	None	'https://www.teamrankings.com/college-football/ranking/predictive-by-other'
PRESEASON	D40	None	10.2
PRESEASON	E40	None	datetime.datetime(2026, 3, 27, 0, 0)
PRESEASON	F40	None	'https://www.espn.com/college-football/story/_/id/48306284/2026-college-football-sp+-rankings-138-fbs-teams'
PRESEASON	H40	None	7.2
PRESEASON	I40	None	datetime.datetime(2026, 7, 19, 0, 0)
PRESEASON	J40	None	'https://www.espn.com/college-football/fpi'
PRESEASON	Q40	None	8.7
PRESEASON	R40	None	datetime.datetime(2026, 7, 19, 0, 0)
PRESEASON	S40	None	'https://www.teamrankings.com/college-football/ranking/predictive-by-other'
PRESEASON	D41	None	6.4
PRESEASON	E41	None	datetime.datetime(2026, 3, 27, 0, 0)
PRESEASON	F41	None	'https://www.espn.com/college-football/story/_/id/48306284/2026-college-football-sp+-rankings-138-fbs-teams'
PRESEASON	H41	None	4.8
PRESEASON	I41	None	datetime.datetime(2026, 7, 19, 0, 0)
PRESEASON	J41	None	'https://www.espn.com/college-football/fpi'
PRESEASON	Q41	None	8.7
PRESEASON	R41	None	datetime.datetime(2026, 7, 19, 0, 0)
PRESEASON	S41	None	'https://www.teamrankings.com/college-football/ranking/predictive-by-other'
PRESEASON	D42	None	4.5
PRESEASON	E42	None	datetime.datetime(2026, 3, 27, 0, 0)
PRESEASON	F42	None	'https://www.espn.com/college-football/story/_/id/48306284/2026-college-football-sp+-rankings-138-fbs-teams'
PRESEASON	H42	None	6.5
PRESEASON	I42	None	datetime.datetime(2026, 7, 19, 0, 0)
PRESEASON	J42	None	'https://www.espn.com/college-football/fpi'
PRESEASON	Q42	None	4.6
PRESEASON	R42	None	datetime.datetime(2026, 7, 19, 0, 0)
PRESEASON	S42	None	'https://www.teamrankings.com/college-football/ranking/predictive-by-other'
PRESEASON	D43	None	15.5
PRESEASON	E43	None	datetime.datetime(2026, 3, 27, 0, 0)
PRESEASON	F43	None	'https://www.espn.com/college-football/story/_/id/48306284/2026-college-football-sp+-rankings-138-fbs-teams'
PRESEASON	H43	None	13.1
PRESEASON	I43	None	datetime.datetime(2026, 7, 19, 0, 0)
PRESEASON	J43	None	'https://www.espn.com/college-football/fpi'
PRESEASON	Q43	None	14.6
PRESEASON	R43	None	datetime.datetime(2026, 7, 19, 0, 0)
PRESEASON	S43	None	'https://www.teamrankings.com/college-football/ranking/predictive-by-other'
PRESEASON	D44	None	4.5
PRESEASON	E44	None	datetime.datetime(2026, 3, 27, 0, 0)
PRESEASON	F44	None	'https://www.espn.com/college-football/story/_/id/48306284/2026-college-football-sp+-rankings-138-fbs-teams'
PRESEASON	H44	None	4.4
PRESEASON	I44	None	datetime.datetime(2026, 7, 19, 0, 0)
PRESEASON	J44	None	'https://www.espn.com/college-football/fpi'
PRESEASON	Q44	None	0.3
PRESEASON	R44	None	datetime.datetime(2026, 7, 19, 0, 0)
PRESEASON	S44	None	'https://www.teamrankings.com/college-football/ranking/predictive-by-other'
PRESEASON	D45	None	0.9
PRESEASON	E45	None	datetime.datetime(2026, 3, 27, 0, 0)
PRESEASON	F45	None	'https://www.espn.com/college-football/story/_/id/48306284/2026-college-football-sp+-rankings-138-fbs-teams'
PRESEASON	H45	None	4.5
PRESEASON	I45	None	datetime.datetime(2026, 7, 19, 0, 0)
PRESEASON	J45	None	'https://www.espn.com/college-football/fpi'
PRESEASON	Q45	None	-1.4
PRESEASON	R45	None	datetime.datetime(2026, 7, 19, 0, 0)
PRESEASON	S45	None	'https://www.teamrankings.com/college-football/ranking/predictive-by-other'
PRESEASON	D46	None	8.2
PRESEASON	E46	None	datetime.datetime(2026, 3, 27, 0, 0)
PRESEASON	F46	None	'https://www.espn.com/college-football/story/_/id/48306284/2026-college-football-sp+-rankings-138-fbs-teams'
PRESEASON	H46	None	7.1
PRESEASON	I46	None	datetime.datetime(2026, 7, 19, 0, 0)
PRESEASON	J46	None	'https://www.espn.com/college-football/fpi'
PRESEASON	Q46	None	10.6
PRESEASON	R46	None	datetime.datetime(2026, 7, 19, 0, 0)
PRESEASON	S46	None	'https://www.teamrankings.com/college-football/ranking/predictive-by-other'
PRESEASON	D47	None	1
PRESEASON	E47	None	datetime.datetime(2026, 3, 27, 0, 0)
PRESEASON	F47	None	'https://www.espn.com/college-football/story/_/id/48306284/2026-college-football-sp+-rankings-138-fbs-teams'
PRESEASON	H47	None	-0.9
PRESEASON	I47	None	datetime.datetime(2026, 7, 19, 0, 0)
PRESEASON	J47	None	'https://www.espn.com/college-football/fpi'
PRESEASON	Q47	None	0
PRESEASON	R47	None	datetime.datetime(2026, 7, 19, 0, 0)
PRESEASON	S47	None	'https://www.teamrankings.com/college-football/ranking/predictive-by-other'
PRESEASON	D48	None	3.7
PRESEASON	E48	None	datetime.datetime(2026, 3, 27, 0, 0)
PRESEASON	F48	None	'https://www.espn.com/college-football/story/_/id/48306284/2026-college-football-sp+-rankings-138-fbs-teams'
PRESEASON	H48	None	2.8
PRESEASON	I48	None	datetime.datetime(2026, 7, 19, 0, 0)
PRESEASON	J48	None	'https://www.espn.com/college-football/fpi'
PRESEASON	Q48	None	5.4
PRESEASON	R48	None	datetime.datetime(2026, 7, 19, 0, 0)
PRESEASON	S48	None	'https://www.teamrankings.com/college-football/ranking/predictive-by-other'
PRESEASON	D49	None	10.4
PRESEASON	E49	None	datetime.datetime(2026, 3, 27, 0, 0)
PRESEASON	F49	None	'https://www.espn.com/college-football/story/_/id/48306284/2026-college-football-sp+-rankings-138-fbs-teams'
PRESEASON	H49	None	5.1
PRESEASON	I49	None	datetime.datetime(2026, 7, 19, 0, 0)
PRESEASON	J49	None	'https://www.espn.com/college-football/fpi'
PRESEASON	Q49	None	10.2
PRESEASON	R49	None	datetime.datetime(2026, 7, 19, 0, 0)
PRESEASON	S49	None	'https://www.teamrankings.com/college-football/ranking/predictive-by-other'
PRESEASON	D50	None	7.1
PRESEASON	E50	None	datetime.datetime(2026, 3, 27, 0, 0)
PRESEASON	F50	None	'https://www.espn.com/college-football/story/_/id/48306284/2026-college-football-sp+-rankings-138-fbs-teams'
PRESEASON	H50	None	3.3
PRESEASON	I50	None	datetime.datetime(2026, 7, 19, 0, 0)
PRESEASON	J50	None	'https://www.espn.com/college-football/fpi'
PRESEASON	Q50	None	6.7
PRESEASON	R50	None	datetime.datetime(2026, 7, 19, 0, 0)
PRESEASON	S50	None	'https://www.teamrankings.com/college-football/ranking/predictive-by-other'
PRESEASON	D51	None	9.1
PRESEASON	E51	None	datetime.datetime(2026, 3, 27, 0, 0)
PRESEASON	F51	None	'https://www.espn.com/college-football/story/_/id/48306284/2026-college-football-sp+-rankings-138-fbs-teams'
PRESEASON	H51	None	6.4
PRESEASON	I51	None	datetime.datetime(2026, 7, 19, 0, 0)
PRESEASON	J51	None	'https://www.espn.com/college-football/fpi'
PRESEASON	Q51	None	8.4
PRESEASON	R51	None	datetime.datetime(2026, 7, 19, 0, 0)
PRESEASON	S51	None	'https://www.teamrankings.com/college-football/ranking/predictive-by-other'
PRESEASON	D52	None	23.1
PRESEASON	E52	None	datetime.datetime(2026, 3, 27, 0, 0)
PRESEASON	F52	None	'https://www.espn.com/college-football/story/_/id/48306284/2026-college-football-sp+-rankings-138-fbs-teams'
PRESEASON	H52	None	20
PRESEASON	I52	None	datetime.datetime(2026, 7, 19, 0, 0)
PRESEASON	J52	None	'https://www.espn.com/college-football/fpi'
PRESEASON	Q52	None	23.8
PRESEASON	R52	None	datetime.datetime(2026, 7, 19, 0, 0)
PRESEASON	S52	None	'https://www.teamrankings.com/college-football/ranking/predictive-by-other'
PRESEASON	D53	None	2.3
PRESEASON	E53	None	datetime.datetime(2026, 3, 27, 0, 0)
PRESEASON	F53	None	'https://www.espn.com/college-football/story/_/id/48306284/2026-college-football-sp+-rankings-138-fbs-teams'
PRESEASON	H53	None	2.1
PRESEASON	I53	None	datetime.datetime(2026, 7, 19, 0, 0)
PRESEASON	J53	None	'https://www.espn.com/college-football/fpi'
PRESEASON	Q53	None	3.3
PRESEASON	R53	None	datetime.datetime(2026, 7, 19, 0, 0)
PRESEASON	S53	None	'https://www.teamrankings.com/college-football/ranking/predictive-by-other'
PRESEASON	D54	None	11.9
PRESEASON	E54	None	datetime.datetime(2026, 3, 27, 0, 0)
PRESEASON	F54	None	'https://www.espn.com/college-football/story/_/id/48306284/2026-college-football-sp+-rankings-138-fbs-teams'
PRESEASON	H54	None	8.5
PRESEASON	I54	None	datetime.datetime(2026, 7, 19, 0, 0)
PRESEASON	J54	None	'https://www.espn.com/college-football/fpi'
PRESEASON	Q54	None	12.8
PRESEASON	R54	None	datetime.datetime(2026, 7, 19, 0, 0)
PRESEASON	S54	None	'https://www.teamrankings.com/college-football/ranking/predictive-by-other'
PRESEASON	D55	None	0.8
PRESEASON	E55	None	datetime.datetime(2026, 3, 27, 0, 0)
PRESEASON	F55	None	'https://www.espn.com/college-football/story/_/id/48306284/2026-college-football-sp+-rankings-138-fbs-teams'
PRESEASON	H55	None	0.2
PRESEASON	I55	None	datetime.datetime(2026, 7, 19, 0, 0)
PRESEASON	J55	None	'https://www.espn.com/college-football/fpi'
PRESEASON	Q55	None	4.5
PRESEASON	R55	None	datetime.datetime(2026, 7, 19, 0, 0)
PRESEASON	S55	None	'https://www.teamrankings.com/college-football/ranking/predictive-by-other'
PRESEASON	D56	None	-1.5
PRESEASON	E56	None	datetime.datetime(2026, 3, 27, 0, 0)
PRESEASON	F56	None	'https://www.espn.com/college-football/story/_/id/48306284/2026-college-football-sp+-rankings-138-fbs-teams'
PRESEASON	H56	None	-2.7
PRESEASON	I56	None	datetime.datetime(2026, 7, 19, 0, 0)
PRESEASON	J56	None	'https://www.espn.com/college-football/fpi'
PRESEASON	Q56	None	-6.2
PRESEASON	R56	None	datetime.datetime(2026, 7, 19, 0, 0)
PRESEASON	S56	None	'https://www.teamrankings.com/college-football/ranking/predictive-by-other'
PRESEASON	D57	None	3.7
PRESEASON	E57	None	datetime.datetime(2026, 3, 27, 0, 0)
PRESEASON	F57	None	'https://www.espn.com/college-football/story/_/id/48306284/2026-college-football-sp+-rankings-138-fbs-teams'
PRESEASON	H57	None	0.9
PRESEASON	I57	None	datetime.datetime(2026, 7, 19, 0, 0)
PRESEASON	J57	None	'https://www.espn.com/college-football/fpi'
PRESEASON	Q57	None	4
PRESEASON	R57	None	datetime.datetime(2026, 7, 19, 0, 0)
PRESEASON	S57	None	'https://www.teamrankings.com/college-football/ranking/predictive-by-other'
PRESEASON	D58	None	12.8
PRESEASON	E58	None	datetime.datetime(2026, 3, 27, 0, 0)
PRESEASON	F58	None	'https://www.espn.com/college-football/story/_/id/48306284/2026-college-football-sp+-rankings-138-fbs-teams'
PRESEASON	H58	None	13.4
PRESEASON	I58	None	datetime.datetime(2026, 7, 19, 0, 0)
PRESEASON	J58	None	'https://www.espn.com/college-football/fpi'
PRESEASON	Q58	None	11.6
PRESEASON	R58	None	datetime.datetime(2026, 7, 19, 0, 0)
PRESEASON	S58	None	'https://www.teamrankings.com/college-football/ranking/predictive-by-other'
PRESEASON	D59	None	5.7
PRESEASON	E59	None	datetime.datetime(2026, 3, 27, 0, 0)
PRESEASON	F59	None	'https://www.espn.com/college-football/story/_/id/48306284/2026-college-football-sp+-rankings-138-fbs-teams'
PRESEASON	H59	None	3.5
PRESEASON	I59	None	datetime.datetime(2026, 7, 19, 0, 0)
PRESEASON	J59	None	'https://www.espn.com/college-football/fpi'
PRESEASON	Q59	None	1.9
PRESEASON	R59	None	datetime.datetime(2026, 7, 19, 0, 0)
PRESEASON	S59	None	'https://www.teamrankings.com/college-football/ranking/predictive-by-other'
PRESEASON	D60	None	8.8
PRESEASON	E60	None	datetime.datetime(2026, 3, 27, 0, 0)
PRESEASON	F60	None	'https://www.espn.com/college-football/story/_/id/48306284/2026-college-football-sp+-rankings-138-fbs-teams'
PRESEASON	H60	None	9.3
PRESEASON	I60	None	datetime.datetime(2026, 7, 19, 0, 0)
PRESEASON	J60	None	'https://www.espn.com/college-football/fpi'
PRESEASON	Q60	None	7.3
PRESEASON	R60	None	datetime.datetime(2026, 7, 19, 0, 0)
PRESEASON	S60	None	'https://www.teamrankings.com/college-football/ranking/predictive-by-other'
PRESEASON	D61	None	6
PRESEASON	E61	None	datetime.datetime(2026, 3, 27, 0, 0)
PRESEASON	F61	None	'https://www.espn.com/college-football/story/_/id/48306284/2026-college-football-sp+-rankings-138-fbs-teams'
PRESEASON	H61	None	4.2
PRESEASON	I61	None	datetime.datetime(2026, 7, 19, 0, 0)
PRESEASON	J61	None	'https://www.espn.com/college-football/fpi'
PRESEASON	Q61	None	5.8
PRESEASON	R61	None	datetime.datetime(2026, 7, 19, 0, 0)
PRESEASON	S61	None	'https://www.teamrankings.com/college-football/ranking/predictive-by-other'
PRESEASON	D62	None	11
PRESEASON	E62	None	datetime.datetime(2026, 3, 27, 0, 0)
PRESEASON	F62	None	'https://www.espn.com/college-football/story/_/id/48306284/2026-college-football-sp+-rankings-138-fbs-teams'
PRESEASON	H62	None	9.5
PRESEASON	I62	None	datetime.datetime(2026, 7, 19, 0, 0)
PRESEASON	J62	None	'https://www.espn.com/college-football/fpi'
PRESEASON	Q62	None	13.7
PRESEASON	R62	None	datetime.datetime(2026, 7, 19, 0, 0)
PRESEASON	S62	None	'https://www.teamrankings.com/college-football/ranking/predictive-by-other'
PRESEASON	D63	None	21
PRESEASON	E63	None	datetime.datetime(2026, 3, 27, 0, 0)
PRESEASON	F63	None	'https://www.espn.com/college-football/story/_/id/48306284/2026-college-football-sp+-rankings-138-fbs-teams'
PRESEASON	H63	None	21.8
PRESEASON	I63	None	datetime.datetime(2026, 7, 19, 0, 0)
PRESEASON	J63	None	'https://www.espn.com/college-football/fpi'
PRESEASON	Q63	None	25.3
PRESEASON	R63	None	datetime.datetime(2026, 7, 19, 0, 0)
PRESEASON	S63	None	'https://www.teamrankings.com/college-football/ranking/predictive-by-other'
PRESEASON	D64	None	4.9
PRESEASON	E64	None	datetime.datetime(2026, 3, 27, 0, 0)
PRESEASON	F64	None	'https://www.espn.com/college-football/story/_/id/48306284/2026-college-football-sp+-rankings-138-fbs-teams'
PRESEASON	H64	None	3.7
PRESEASON	I64	None	datetime.datetime(2026, 7, 19, 0, 0)
PRESEASON	J64	None	'https://www.espn.com/college-football/fpi'
PRESEASON	Q64	None	6.2
PRESEASON	R64	None	datetime.datetime(2026, 7, 19, 0, 0)
PRESEASON	S64	None	'https://www.teamrankings.com/college-football/ranking/predictive-by-other'
PRESEASON	D65	None	3.8
PRESEASON	E65	None	datetime.datetime(2026, 3, 27, 0, 0)
PRESEASON	F65	None	'https://www.espn.com/college-football/story/_/id/48306284/2026-college-football-sp+-rankings-138-fbs-teams'
PRESEASON	H65	None	4.9
PRESEASON	I65	None	datetime.datetime(2026, 7, 19, 0, 0)
PRESEASON	J65	None	'https://www.espn.com/college-football/fpi'
PRESEASON	Q65	None	2.1
PRESEASON	R65	None	datetime.datetime(2026, 7, 19, 0, 0)
PRESEASON	S65	None	'https://www.teamrankings.com/college-football/ranking/predictive-by-other'
PRESEASON	D66	None	6.5
PRESEASON	E66	None	datetime.datetime(2026, 3, 27, 0, 0)
PRESEASON	F66	None	'https://www.espn.com/college-football/story/_/id/48306284/2026-college-football-sp+-rankings-138-fbs-teams'
PRESEASON	H66	None	6.6
PRESEASON	I66	None	datetime.datetime(2026, 7, 19, 0, 0)
PRESEASON	J66	None	'https://www.espn.com/college-football/fpi'
PRESEASON	Q66	None	10
PRESEASON	R66	None	datetime.datetime(2026, 7, 19, 0, 0)
PRESEASON	S66	None	'https://www.teamrankings.com/college-football/ranking/predictive-by-other'
PRESEASON	D67	None	10.9
PRESEASON	E67	None	datetime.datetime(2026, 3, 27, 0, 0)
PRESEASON	F67	None	'https://www.espn.com/college-football/story/_/id/48306284/2026-college-football-sp+-rankings-138-fbs-teams'
PRESEASON	H67	None	11.1
PRESEASON	I67	None	datetime.datetime(2026, 7, 19, 0, 0)
PRESEASON	J67	None	'https://www.espn.com/college-football/fpi'
PRESEASON	Q67	None	14.4
PRESEASON	R67	None	datetime.datetime(2026, 7, 19, 0, 0)
PRESEASON	S67	None	'https://www.teamrankings.com/college-football/ranking/predictive-by-other'
PRESEASON	D68	None	-1.9
PRESEASON	E68	None	datetime.datetime(2026, 3, 27, 0, 0)
PRESEASON	F68	None	'https://www.espn.com/college-football/story/_/id/48306284/2026-college-football-sp+-rankings-138-fbs-teams'
PRESEASON	H68	None	-3.3
PRESEASON	I68	None	datetime.datetime(2026, 7, 19, 0, 0)
PRESEASON	J68	None	'https://www.espn.com/college-football/fpi'
PRESEASON	Q68	None	-3
PRESEASON	R68	None	datetime.datetime(2026, 7, 19, 0, 0)
PRESEASON	S68	None	'https://www.teamrankings.com/college-football/ranking/predictive-by-other'
PRESEASON	D69	None	-0.7
PRESEASON	E69	None	datetime.datetime(2026, 3, 27, 0, 0)
PRESEASON	F69	None	'https://www.espn.com/college-football/story/_/id/48306284/2026-college-football-sp+-rankings-138-fbs-teams'
PRESEASON	H69	None	-0.8
PRESEASON	I69	None	datetime.datetime(2026, 7, 19, 0, 0)
PRESEASON	J69	None	'https://www.espn.com/college-football/fpi'
PRESEASON	Q69	None	-0.2
PRESEASON	R69	None	datetime.datetime(2026, 7, 19, 0, 0)
PRESEASON	S69	None	'https://www.teamrankings.com/college-football/ranking/predictive-by-other'
PRESEASON	D70	None	6.6
PRESEASON	E70	None	datetime.datetime(2026, 3, 27, 0, 0)
PRESEASON	F70	None	'https://www.espn.com/college-football/story/_/id/48306284/2026-college-football-sp+-rankings-138-fbs-teams'
PRESEASON	H70	None	7.9
PRESEASON	I70	None	datetime.datetime(2026, 7, 19, 0, 0)
PRESEASON	J70	None	'https://www.espn.com/college-football/fpi'
PRESEASON	Q70	None	9
PRESEASON	R70	None	datetime.datetime(2026, 7, 19, 0, 0)
PRESEASON	S70	None	'https://www.teamrankings.com/college-football/ranking/predictive-by-other'
PRESEASON	D71	None	9.4
PRESEASON	E71	None	datetime.datetime(2026, 3, 27, 0, 0)
PRESEASON	F71	None	'https://www.espn.com/college-football/story/_/id/48306284/2026-college-football-sp+-rankings-138-fbs-teams'
PRESEASON	H71	None	7.4
PRESEASON	I71	None	datetime.datetime(2026, 7, 19, 0, 0)
PRESEASON	J71	None	'https://www.espn.com/college-football/fpi'
PRESEASON	Q71	None	8.2
PRESEASON	R71	None	datetime.datetime(2026, 7, 19, 0, 0)
PRESEASON	S71	None	'https://www.teamrankings.com/college-football/ranking/predictive-by-other'
PRESEASON	D72	None	3.6
PRESEASON	E72	None	datetime.datetime(2026, 3, 27, 0, 0)
PRESEASON	F72	None	'https://www.espn.com/college-football/story/_/id/48306284/2026-college-football-sp+-rankings-138-fbs-teams'
PRESEASON	H72	None	3.4
PRESEASON	I72	None	datetime.datetime(2026, 7, 19, 0, 0)
PRESEASON	J72	None	'https://www.espn.com/college-football/fpi'
PRESEASON	Q72	None	2.4
PRESEASON	R72	None	datetime.datetime(2026, 7, 19, 0, 0)
PRESEASON	S72	None	'https://www.teamrankings.com/college-football/ranking/predictive-by-other'
PRESEASON	D73	None	6.8
PRESEASON	E73	None	datetime.datetime(2026, 3, 27, 0, 0)
PRESEASON	F73	None	'https://www.espn.com/college-football/story/_/id/48306284/2026-college-football-sp+-rankings-138-fbs-teams'
PRESEASON	H73	None	4
PRESEASON	I73	None	datetime.datetime(2026, 7, 19, 0, 0)
PRESEASON	J73	None	'https://www.espn.com/college-football/fpi'
PRESEASON	Q73	None	6.7
PRESEASON	R73	None	datetime.datetime(2026, 7, 19, 0, 0)
PRESEASON	S73	None	'https://www.teamrankings.com/college-football/ranking/predictive-by-other'
PRESEASON	D74	None	-8.3
PRESEASON	E74	None	datetime.datetime(2026, 3, 27, 0, 0)
PRESEASON	F74	None	'https://www.espn.com/college-football/story/_/id/48306284/2026-college-football-sp+-rankings-138-fbs-teams'
PRESEASON	H74	None	-12.4
PRESEASON	I74	None	datetime.datetime(2026, 7, 19, 0, 0)
PRESEASON	J74	None	'https://www.espn.com/college-football/fpi'
PRESEASON	Q74	None	-10.7
PRESEASON	R74	None	datetime.datetime(2026, 7, 19, 0, 0)
PRESEASON	S74	None	'https://www.teamrankings.com/college-football/ranking/predictive-by-other'
PRESEASON	D75	None	-2.3
PRESEASON	E75	None	datetime.datetime(2026, 3, 27, 0, 0)
PRESEASON	F75	None	'https://www.espn.com/college-football/story/_/id/48306284/2026-college-football-sp+-rankings-138-fbs-teams'
PRESEASON	H75	None	-2.5
PRESEASON	I75	None	datetime.datetime(2026, 7, 19, 0, 0)
PRESEASON	J75	None	'https://www.espn.com/college-football/fpi'
PRESEASON	Q75	None	2
PRESEASON	R75	None	datetime.datetime(2026, 7, 19, 0, 0)
PRESEASON	S75	None	'https://www.teamrankings.com/college-football/ranking/predictive-by-other'
PRESEASON	D76	None	-6.3
PRESEASON	E76	None	datetime.datetime(2026, 3, 27, 0, 0)
PRESEASON	F76	None	'https://www.espn.com/college-football/story/_/id/48306284/2026-college-football-sp+-rankings-138-fbs-teams'
PRESEASON	H76	None	-8.1
PRESEASON	I76	None	datetime.datetime(2026, 7, 19, 0, 0)
PRESEASON	J76	None	'https://www.espn.com/college-football/fpi'
PRESEASON	Q76	None	-10
PRESEASON	R76	None	datetime.datetime(2026, 7, 19, 0, 0)
PRESEASON	S76	None	'https://www.teamrankings.com/college-football/ranking/predictive-by-other'
PRESEASON	D77	None	-1.3
PRESEASON	E77	None	datetime.datetime(2026, 3, 27, 0, 0)
PRESEASON	F77	None	'https://www.espn.com/college-football/story/_/id/48306284/2026-college-football-sp+-rankings-138-fbs-teams'
PRESEASON	H77	None	1.4
PRESEASON	I77	None	datetime.datetime(2026, 7, 19, 0, 0)
PRESEASON	J77	None	'https://www.espn.com/college-football/fpi'
PRESEASON	Q77	None	1.1
PRESEASON	R77	None	datetime.datetime(2026, 7, 19, 0, 0)
PRESEASON	S77	None	'https://www.teamrankings.com/college-football/ranking/predictive-by-other'
PRESEASON	D78	None	-5.9
PRESEASON	E78	None	datetime.datetime(2026, 3, 27, 0, 0)
PRESEASON	F78	None	'https://www.espn.com/college-football/story/_/id/48306284/2026-college-football-sp+-rankings-138-fbs-teams'
PRESEASON	H78	None	-4.3
PRESEASON	I78	None	datetime.datetime(2026, 7, 19, 0, 0)
PRESEASON	J78	None	'https://www.espn.com/college-football/fpi'
PRESEASON	Q78	None	-2
PRESEASON	R78	None	datetime.datetime(2026, 7, 19, 0, 0)
PRESEASON	S78	None	'https://www.teamrankings.com/college-football/ranking/predictive-by-other'
PRESEASON	D79	None	-7.7
PRESEASON	E79	None	datetime.datetime(2026, 3, 27, 0, 0)
PRESEASON	F79	None	'https://www.espn.com/college-football/story/_/id/48306284/2026-college-football-sp+-rankings-138-fbs-teams'
PRESEASON	H79	None	-6.7
PRESEASON	I79	None	datetime.datetime(2026, 7, 19, 0, 0)
PRESEASON	J79	None	'https://www.espn.com/college-football/fpi'
PRESEASON	Q79	None	-3.8
PRESEASON	R79	None	datetime.datetime(2026, 7, 19, 0, 0)
PRESEASON	S79	None	'https://www.teamrankings.com/college-football/ranking/predictive-by-other'
PRESEASON	D80	None	-5.3
PRESEASON	E80	None	datetime.datetime(2026, 3, 27, 0, 0)
PRESEASON	F80	None	'https://www.espn.com/college-football/story/_/id/48306284/2026-college-football-sp+-rankings-138-fbs-teams'
PRESEASON	H80	None	-4.1
PRESEASON	I80	None	datetime.datetime(2026, 7, 19, 0, 0)
PRESEASON	J80	None	'https://www.espn.com/college-football/fpi'
PRESEASON	Q80	None	-1.6
PRESEASON	R80	None	datetime.datetime(2026, 7, 19, 0, 0)
PRESEASON	S80	None	'https://www.teamrankings.com/college-football/ranking/predictive-by-other'
PRESEASON	D81	None	-3
PRESEASON	E81	None	datetime.datetime(2026, 3, 27, 0, 0)
PRESEASON	F81	None	'https://www.espn.com/college-football/story/_/id/48306284/2026-college-football-sp+-rankings-138-fbs-teams'
PRESEASON	H81	None	-5.6
PRESEASON	I81	None	datetime.datetime(2026, 7, 19, 0, 0)
PRESEASON	J81	None	'https://www.espn.com/college-football/fpi'
PRESEASON	Q81	None	-1.2
PRESEASON	R81	None	datetime.datetime(2026, 7, 19, 0, 0)
PRESEASON	S81	None	'https://www.teamrankings.com/college-football/ranking/predictive-by-other'
PRESEASON	D82	None	-32.4
PRESEASON	E82	None	datetime.datetime(2026, 3, 27, 0, 0)
PRESEASON	F82	None	'https://www.espn.com/college-football/story/_/id/48306284/2026-college-football-sp+-rankings-138-fbs-teams'
PRESEASON	H82	None	-14.6
PRESEASON	I82	None	datetime.datetime(2026, 7, 19, 0, 0)
PRESEASON	J82	None	'https://www.espn.com/college-football/fpi'
PRESEASON	Q82	None	-23.3
PRESEASON	R82	None	datetime.datetime(2026, 7, 19, 0, 0)
PRESEASON	S82	None	'https://www.teamrankings.com/college-football/ranking/predictive-by-other'
PRESEASON	D83	None	-2
PRESEASON	E83	None	datetime.datetime(2026, 3, 27, 0, 0)
PRESEASON	F83	None	'https://www.espn.com/college-football/story/_/id/48306284/2026-college-football-sp+-rankings-138-fbs-teams'
PRESEASON	H83	None	-0.6
PRESEASON	I83	None	datetime.datetime(2026, 7, 19, 0, 0)
PRESEASON	J83	None	'https://www.espn.com/college-football/fpi'
PRESEASON	Q83	None	-3.7
PRESEASON	R83	None	datetime.datetime(2026, 7, 19, 0, 0)
PRESEASON	S83	None	'https://www.teamrankings.com/college-football/ranking/predictive-by-other'
PRESEASON	D84	None	-7.1
PRESEASON	E84	None	datetime.datetime(2026, 3, 27, 0, 0)
PRESEASON	F84	None	'https://www.espn.com/college-football/story/_/id/48306284/2026-college-football-sp+-rankings-138-fbs-teams'
PRESEASON	H84	None	-11.3
PRESEASON	I84	None	datetime.datetime(2026, 7, 19, 0, 0)
PRESEASON	J84	None	'https://www.espn.com/college-football/fpi'
PRESEASON	Q84	None	-8.7
PRESEASON	R84	None	datetime.datetime(2026, 7, 19, 0, 0)
PRESEASON	S84	None	'https://www.teamrankings.com/college-football/ranking/predictive-by-other'
PRESEASON	D85	None	-1.1
PRESEASON	E85	None	datetime.datetime(2026, 3, 27, 0, 0)
PRESEASON	F85	None	'https://www.espn.com/college-football/story/_/id/48306284/2026-college-football-sp+-rankings-138-fbs-teams'
PRESEASON	H85	None	-1.9
PRESEASON	I85	None	datetime.datetime(2026, 7, 19, 0, 0)
PRESEASON	J85	None	'https://www.espn.com/college-football/fpi'
PRESEASON	Q85	None	-1.5
PRESEASON	R85	None	datetime.datetime(2026, 7, 19, 0, 0)
PRESEASON	S85	None	'https://www.teamrankings.com/college-football/ranking/predictive-by-other'
PRESEASON	D86	None	1.1
PRESEASON	E86	None	datetime.datetime(2026, 3, 27, 0, 0)
PRESEASON	F86	None	'https://www.espn.com/college-football/story/_/id/48306284/2026-college-football-sp+-rankings-138-fbs-teams'
PRESEASON	H86	None	-0.7
PRESEASON	I86	None	datetime.datetime(2026, 7, 19, 0, 0)
PRESEASON	J86	None	'https://www.espn.com/college-football/fpi'
PRESEASON	Q86	None	0.9
PRESEASON	R86	None	datetime.datetime(2026, 7, 19, 0, 0)
PRESEASON	S86	None	'https://www.teamrankings.com/college-football/ranking/predictive-by-other'
PRESEASON	D87	None	-11.8
PRESEASON	E87	None	datetime.datetime(2026, 3, 27, 0, 0)
PRESEASON	F87	None	'https://www.espn.com/college-football/story/_/id/48306284/2026-college-football-sp+-rankings-138-fbs-teams'
PRESEASON	H87	None	-6.4
PRESEASON	I87	None	datetime.datetime(2026, 7, 19, 0, 0)
PRESEASON	J87	None	'https://www.espn.com/college-football/fpi'
PRESEASON	Q87	None	-8.7
PRESEASON	R87	None	datetime.datetime(2026, 7, 19, 0, 0)
PRESEASON	S87	None	'https://www.teamrankings.com/college-football/ranking/predictive-by-other'
PRESEASON	D88	None	-14.7
PRESEASON	E88	None	datetime.datetime(2026, 3, 27, 0, 0)
PRESEASON	F88	None	'https://www.espn.com/college-football/story/_/id/48306284/2026-college-football-sp+-rankings-138-fbs-teams'
PRESEASON	H88	None	-13.4
PRESEASON	I88	None	datetime.datetime(2026, 7, 19, 0, 0)
PRESEASON	J88	None	'https://www.espn.com/college-football/fpi'
PRESEASON	Q88	None	-15.2
PRESEASON	R88	None	datetime.datetime(2026, 7, 19, 0, 0)
PRESEASON	S88	None	'https://www.teamrankings.com/college-football/ranking/predictive-by-other'
PRESEASON	D89	None	-2.8
PRESEASON	E89	None	datetime.datetime(2026, 3, 27, 0, 0)
PRESEASON	F89	None	'https://www.espn.com/college-football/story/_/id/48306284/2026-college-football-sp+-rankings-138-fbs-teams'
PRESEASON	H89	None	-0.9
PRESEASON	I89	None	datetime.datetime(2026, 7, 19, 0, 0)
PRESEASON	J89	None	'https://www.espn.com/college-football/fpi'
PRESEASON	Q89	None	-2.4
PRESEASON	R89	None	datetime.datetime(2026, 7, 19, 0, 0)
PRESEASON	S89	None	'https://www.teamrankings.com/college-football/ranking/predictive-by-other'
PRESEASON	D90	None	-8.7
PRESEASON	E90	None	datetime.datetime(2026, 3, 27, 0, 0)
PRESEASON	F90	None	'https://www.espn.com/college-football/story/_/id/48306284/2026-college-football-sp+-rankings-138-fbs-teams'
PRESEASON	H90	None	-8.6
PRESEASON	I90	None	datetime.datetime(2026, 7, 19, 0, 0)
PRESEASON	J90	None	'https://www.espn.com/college-football/fpi'
PRESEASON	Q90	None	-10.9
PRESEASON	R90	None	datetime.datetime(2026, 7, 19, 0, 0)
PRESEASON	S90	None	'https://www.teamrankings.com/college-football/ranking/predictive-by-other'
PRESEASON	D91	None	-5.5
PRESEASON	E91	None	datetime.datetime(2026, 3, 27, 0, 0)
PRESEASON	F91	None	'https://www.espn.com/college-football/story/_/id/48306284/2026-college-football-sp+-rankings-138-fbs-teams'
PRESEASON	H91	None	2.3
PRESEASON	I91	None	datetime.datetime(2026, 7, 19, 0, 0)
PRESEASON	J91	None	'https://www.espn.com/college-football/fpi'
PRESEASON	Q91	None	-2.8
PRESEASON	R91	None	datetime.datetime(2026, 7, 19, 0, 0)
PRESEASON	S91	None	'https://www.teamrankings.com/college-football/ranking/predictive-by-other'
PRESEASON	D92	None	-7.6
PRESEASON	E92	None	datetime.datetime(2026, 3, 27, 0, 0)
PRESEASON	F92	None	'https://www.espn.com/college-football/story/_/id/48306284/2026-college-football-sp+-rankings-138-fbs-teams'
PRESEASON	H92	None	-9
PRESEASON	I92	None	datetime.datetime(2026, 7, 19, 0, 0)
PRESEASON	J92	None	'https://www.espn.com/college-football/fpi'
PRESEASON	Q92	None	-10.3
PRESEASON	R92	None	datetime.datetime(2026, 7, 19, 0, 0)
PRESEASON	S92	None	'https://www.teamrankings.com/college-football/ranking/predictive-by-other'
PRESEASON	D93	None	-18.1
PRESEASON	E93	None	datetime.datetime(2026, 3, 27, 0, 0)
PRESEASON	F93	None	'https://www.espn.com/college-football/story/_/id/48306284/2026-college-football-sp+-rankings-138-fbs-teams'
PRESEASON	H93	None	-15.5
PRESEASON	I93	None	datetime.datetime(2026, 7, 19, 0, 0)
PRESEASON	J93	None	'https://www.espn.com/college-football/fpi'
PRESEASON	Q93	None	-18.2
PRESEASON	R93	None	datetime.datetime(2026, 7, 19, 0, 0)
PRESEASON	S93	None	'https://www.teamrankings.com/college-football/ranking/predictive-by-other'
PRESEASON	D94	None	-1.5
PRESEASON	E94	None	datetime.datetime(2026, 3, 27, 0, 0)
PRESEASON	F94	None	'https://www.espn.com/college-football/story/_/id/48306284/2026-college-football-sp+-rankings-138-fbs-teams'
PRESEASON	H94	None	-5.3
PRESEASON	I94	None	datetime.datetime(2026, 7, 19, 0, 0)
PRESEASON	J94	None	'https://www.espn.com/college-football/fpi'
PRESEASON	Q94	None	-1.5
PRESEASON	R94	None	datetime.datetime(2026, 7, 19, 0, 0)
PRESEASON	S94	None	'https://www.teamrankings.com/college-football/ranking/predictive-by-other'
PRESEASON	D95	None	-13
PRESEASON	E95	None	datetime.datetime(2026, 3, 27, 0, 0)
PRESEASON	F95	None	'https://www.espn.com/college-football/story/_/id/48306284/2026-college-football-sp+-rankings-138-fbs-teams'
PRESEASON	H95	None	-6.6
PRESEASON	I95	None	datetime.datetime(2026, 7, 19, 0, 0)
PRESEASON	J95	None	'https://www.espn.com/college-football/fpi'
PRESEASON	Q95	None	-12.5
PRESEASON	R95	None	datetime.datetime(2026, 7, 19, 0, 0)
PRESEASON	S95	None	'https://www.teamrankings.com/college-football/ranking/predictive-by-other'
PRESEASON	D96	None	-13.7
PRESEASON	E96	None	datetime.datetime(2026, 3, 27, 0, 0)
PRESEASON	F96	None	'https://www.espn.com/college-football/story/_/id/48306284/2026-college-football-sp+-rankings-138-fbs-teams'
PRESEASON	H96	None	-12.6
PRESEASON	I96	None	datetime.datetime(2026, 7, 19, 0, 0)
PRESEASON	J96	None	'https://www.espn.com/college-football/fpi'
PRESEASON	Q96	None	-15
PRESEASON	R96	None	datetime.datetime(2026, 7, 19, 0, 0)
PRESEASON	S96	None	'https://www.teamrankings.com/college-football/ranking/predictive-by-other'
PRESEASON	D97	None	-7.7
PRESEASON	E97	None	datetime.datetime(2026, 3, 27, 0, 0)
PRESEASON	F97	None	'https://www.espn.com/college-football/story/_/id/48306284/2026-college-football-sp+-rankings-138-fbs-teams'
PRESEASON	H97	None	-8.5
PRESEASON	I97	None	datetime.datetime(2026, 7, 19, 0, 0)
PRESEASON	J97	None	'https://www.espn.com/college-football/fpi'
PRESEASON	Q97	None	-10.7
PRESEASON	R97	None	datetime.datetime(2026, 7, 19, 0, 0)
PRESEASON	S97	None	'https://www.teamrankings.com/college-football/ranking/predictive-by-other'
PRESEASON	D98	None	-9.3
PRESEASON	E98	None	datetime.datetime(2026, 3, 27, 0, 0)
PRESEASON	F98	None	'https://www.espn.com/college-football/story/_/id/48306284/2026-college-football-sp+-rankings-138-fbs-teams'
PRESEASON	H98	None	-9
PRESEASON	I98	None	datetime.datetime(2026, 7, 19, 0, 0)
PRESEASON	J98	None	'https://www.espn.com/college-football/fpi'
PRESEASON	Q98	None	-14.2
PRESEASON	R98	None	datetime.datetime(2026, 7, 19, 0, 0)
PRESEASON	S98	None	'https://www.teamrankings.com/college-football/ranking/predictive-by-other'
PRESEASON	D99	None	-6.4
PRESEASON	E99	None	datetime.datetime(2026, 3, 27, 0, 0)
PRESEASON	F99	None	'https://www.espn.com/college-football/story/_/id/48306284/2026-college-football-sp+-rankings-138-fbs-teams'
PRESEASON	H99	None	-7.7
PRESEASON	I99	None	datetime.datetime(2026, 7, 19, 0, 0)
PRESEASON	J99	None	'https://www.espn.com/college-football/fpi'
PRESEASON	Q99	None	-8.5
PRESEASON	R99	None	datetime.datetime(2026, 7, 19, 0, 0)
PRESEASON	S99	None	'https://www.teamrankings.com/college-football/ranking/predictive-by-other'
PRESEASON	D100	None	-26
PRESEASON	E100	None	datetime.datetime(2026, 3, 27, 0, 0)
PRESEASON	F100	None	'https://www.espn.com/college-football/story/_/id/48306284/2026-college-football-sp+-rankings-138-fbs-teams'
PRESEASON	H100	None	-16.1
PRESEASON	I100	None	datetime.datetime(2026, 7, 19, 0, 0)
PRESEASON	J100	None	'https://www.espn.com/college-football/fpi'
PRESEASON	Q100	None	-20.9
PRESEASON	R100	None	datetime.datetime(2026, 7, 19, 0, 0)
PRESEASON	S100	None	'https://www.teamrankings.com/college-football/ranking/predictive-by-other'
PRESEASON	D101	None	-18.7
PRESEASON	E101	None	datetime.datetime(2026, 3, 27, 0, 0)
PRESEASON	F101	None	'https://www.espn.com/college-football/story/_/id/48306284/2026-college-football-sp+-rankings-138-fbs-teams'
PRESEASON	H101	None	-10.3
PRESEASON	I101	None	datetime.datetime(2026, 7, 19, 0, 0)
PRESEASON	J101	None	'https://www.espn.com/college-football/fpi'
PRESEASON	Q101	None	-18.9
PRESEASON	R101	None	datetime.datetime(2026, 7, 19, 0, 0)
PRESEASON	S101	None	'https://www.teamrankings.com/college-football/ranking/predictive-by-other'
PRESEASON	D102	None	-16.4
PRESEASON	E102	None	datetime.datetime(2026, 3, 27, 0, 0)
PRESEASON	F102	None	'https://www.espn.com/college-football/story/_/id/48306284/2026-college-football-sp+-rankings-138-fbs-teams'
PRESEASON	H102	None	-15.7
PRESEASON	I102	None	datetime.datetime(2026, 7, 19, 0, 0)
PRESEASON	J102	None	'https://www.espn.com/college-football/fpi'
PRESEASON	Q102	None	-18.4
PRESEASON	R102	None	datetime.datetime(2026, 7, 19, 0, 0)
PRESEASON	S102	None	'https://www.teamrankings.com/college-football/ranking/predictive-by-other'
PRESEASON	D103	None	-26.3
PRESEASON	E103	None	datetime.datetime(2026, 3, 27, 0, 0)
PRESEASON	F103	None	'https://www.espn.com/college-football/story/_/id/48306284/2026-college-football-sp+-rankings-138-fbs-teams'
PRESEASON	H103	None	-18.4
PRESEASON	I103	None	datetime.datetime(2026, 7, 19, 0, 0)
PRESEASON	J103	None	'https://www.espn.com/college-football/fpi'
PRESEASON	Q103	None	-24.1
PRESEASON	R103	None	datetime.datetime(2026, 7, 19, 0, 0)
PRESEASON	S103	None	'https://www.teamrankings.com/college-football/ranking/predictive-by-other'
PRESEASON	D104	None	-5.3
PRESEASON	E104	None	datetime.datetime(2026, 3, 27, 0, 0)
PRESEASON	F104	None	'https://www.espn.com/college-football/story/_/id/48306284/2026-college-football-sp+-rankings-138-fbs-teams'
PRESEASON	H104	None	-4.9
PRESEASON	I104	None	datetime.datetime(2026, 7, 19, 0, 0)
PRESEASON	J104	None	'https://www.espn.com/college-football/fpi'
PRESEASON	Q104	None	-8.4
PRESEASON	R104	None	datetime.datetime(2026, 7, 19, 0, 0)
PRESEASON	S104	None	'https://www.teamrankings.com/college-football/ranking/predictive-by-other'
PRESEASON	D105	None	-19.5
PRESEASON	E105	None	datetime.datetime(2026, 3, 27, 0, 0)
PRESEASON	F105	None	'https://www.espn.com/college-football/story/_/id/48306284/2026-college-football-sp+-rankings-138-fbs-teams'
PRESEASON	H105	None	-16.9
PRESEASON	I105	None	datetime.datetime(2026, 7, 19, 0, 0)
PRESEASON	J105	None	'https://www.espn.com/college-football/fpi'
PRESEASON	Q105	None	-17.9
PRESEASON	R105	None	datetime.datetime(2026, 7, 19, 0, 0)
PRESEASON	S105	None	'https://www.teamrankings.com/college-football/ranking/predictive-by-other'
PRESEASON	D106	None	-25.2
PRESEASON	E106	None	datetime.datetime(2026, 3, 27, 0, 0)
PRESEASON	F106	None	'https://www.espn.com/college-football/story/_/id/48306284/2026-college-football-sp+-rankings-138-fbs-teams'
PRESEASON	H106	None	-17.3
PRESEASON	I106	None	datetime.datetime(2026, 7, 19, 0, 0)
PRESEASON	J106	None	'https://www.espn.com/college-football/fpi'
PRESEASON	Q106	None	-23
PRESEASON	R106	None	datetime.datetime(2026, 7, 19, 0, 0)
PRESEASON	S106	None	'https://www.teamrankings.com/college-football/ranking/predictive-by-other'
PRESEASON	D107	None	-13.3
PRESEASON	E107	None	datetime.datetime(2026, 3, 27, 0, 0)
PRESEASON	F107	None	'https://www.espn.com/college-football/story/_/id/48306284/2026-college-football-sp+-rankings-138-fbs-teams'
PRESEASON	H107	None	-13.7
PRESEASON	I107	None	datetime.datetime(2026, 7, 19, 0, 0)
PRESEASON	J107	None	'https://www.espn.com/college-football/fpi'
PRESEASON	Q107	None	-17.7
PRESEASON	R107	None	datetime.datetime(2026, 7, 19, 0, 0)
PRESEASON	S107	None	'https://www.teamrankings.com/college-football/ranking/predictive-by-other'
PRESEASON	D108	None	-11.9
PRESEASON	E108	None	datetime.datetime(2026, 3, 27, 0, 0)
PRESEASON	F108	None	'https://www.espn.com/college-football/story/_/id/48306284/2026-college-football-sp+-rankings-138-fbs-teams'
PRESEASON	H108	None	-10.8
PRESEASON	I108	None	datetime.datetime(2026, 7, 19, 0, 0)
PRESEASON	J108	None	'https://www.espn.com/college-football/fpi'
PRESEASON	Q108	None	-16.5
PRESEASON	R108	None	datetime.datetime(2026, 7, 19, 0, 0)
PRESEASON	S108	None	'https://www.teamrankings.com/college-football/ranking/predictive-by-other'
PRESEASON	D109	None	-12.4
PRESEASON	E109	None	datetime.datetime(2026, 3, 27, 0, 0)
PRESEASON	F109	None	'https://www.espn.com/college-football/story/_/id/48306284/2026-college-football-sp+-rankings-138-fbs-teams'
PRESEASON	H109	None	-12.8
PRESEASON	I109	None	datetime.datetime(2026, 7, 19, 0, 0)
PRESEASON	J109	None	'https://www.espn.com/college-football/fpi'
PRESEASON	Q109	None	-12.6
PRESEASON	R109	None	datetime.datetime(2026, 7, 19, 0, 0)
PRESEASON	S109	None	'https://www.teamrankings.com/college-football/ranking/predictive-by-other'
PRESEASON	D110	None	-15
PRESEASON	E110	None	datetime.datetime(2026, 3, 27, 0, 0)
PRESEASON	F110	None	'https://www.espn.com/college-football/story/_/id/48306284/2026-college-football-sp+-rankings-138-fbs-teams'
PRESEASON	H110	None	-16.3
PRESEASON	I110	None	datetime.datetime(2026, 7, 19, 0, 0)
PRESEASON	J110	None	'https://www.espn.com/college-football/fpi'
PRESEASON	Q110	None	-13.9
PRESEASON	R110	None	datetime.datetime(2026, 7, 19, 0, 0)
PRESEASON	S110	None	'https://www.teamrankings.com/college-football/ranking/predictive-by-other'
PRESEASON	D111	None	-20.1
PRESEASON	E111	None	datetime.datetime(2026, 3, 27, 0, 0)
PRESEASON	F111	None	'https://www.espn.com/college-football/story/_/id/48306284/2026-college-football-sp+-rankings-138-fbs-teams'
PRESEASON	H111	None	-17.9
PRESEASON	I111	None	datetime.datetime(2026, 7, 19, 0, 0)
PRESEASON	J111	None	'https://www.espn.com/college-football/fpi'
PRESEASON	Q111	None	-22.1
PRESEASON	R111	None	datetime.datetime(2026, 7, 19, 0, 0)
PRESEASON	S111	None	'https://www.teamrankings.com/college-football/ranking/predictive-by-other'
PRESEASON	D112	None	-2.9
PRESEASON	E112	None	datetime.datetime(2026, 3, 27, 0, 0)
PRESEASON	F112	None	'https://www.espn.com/college-football/story/_/id/48306284/2026-college-football-sp+-rankings-138-fbs-teams'
PRESEASON	H112	None	-7
PRESEASON	I112	None	datetime.datetime(2026, 7, 19, 0, 0)
PRESEASON	J112	None	'https://www.espn.com/college-football/fpi'
PRESEASON	Q112	None	-10.6
PRESEASON	R112	None	datetime.datetime(2026, 7, 19, 0, 0)
PRESEASON	S112	None	'https://www.teamrankings.com/college-football/ranking/predictive-by-other'
PRESEASON	D113	None	-13.6
PRESEASON	E113	None	datetime.datetime(2026, 3, 27, 0, 0)
PRESEASON	F113	None	'https://www.espn.com/college-football/story/_/id/48306284/2026-college-football-sp+-rankings-138-fbs-teams'
PRESEASON	H113	None	-8
PRESEASON	I113	None	datetime.datetime(2026, 7, 19, 0, 0)
PRESEASON	J113	None	'https://www.espn.com/college-football/fpi'
PRESEASON	Q113	None	-10.9
PRESEASON	R113	None	datetime.datetime(2026, 7, 19, 0, 0)
PRESEASON	S113	None	'https://www.teamrankings.com/college-football/ranking/predictive-by-other'
PRESEASON	D114	None	-22.7
PRESEASON	E114	None	datetime.datetime(2026, 3, 27, 0, 0)
PRESEASON	F114	None	'https://www.espn.com/college-football/story/_/id/48306284/2026-college-football-sp+-rankings-138-fbs-teams'
PRESEASON	H114	None	-10.4
PRESEASON	I114	None	datetime.datetime(2026, 7, 19, 0, 0)
PRESEASON	J114	None	'https://www.espn.com/college-football/fpi'
PRESEASON	Q114	None	-19.2
PRESEASON	R114	None	datetime.datetime(2026, 7, 19, 0, 0)
PRESEASON	S114	None	'https://www.teamrankings.com/college-football/ranking/predictive-by-other'
PRESEASON	D115	None	-11.5
PRESEASON	E115	None	datetime.datetime(2026, 3, 27, 0, 0)
PRESEASON	F115	None	'https://www.espn.com/college-football/story/_/id/48306284/2026-college-football-sp+-rankings-138-fbs-teams'
PRESEASON	H115	None	-3
PRESEASON	I115	None	datetime.datetime(2026, 7, 19, 0, 0)
PRESEASON	J115	None	'https://www.espn.com/college-football/fpi'
PRESEASON	Q115	None	-8.6
PRESEASON	R115	None	datetime.datetime(2026, 7, 19, 0, 0)
PRESEASON	S115	None	'https://www.teamrankings.com/college-football/ranking/predictive-by-other'
PRESEASON	D116	None	-30.9
PRESEASON	E116	None	datetime.datetime(2026, 3, 27, 0, 0)
PRESEASON	F116	None	'https://www.espn.com/college-football/story/_/id/48306284/2026-college-football-sp+-rankings-138-fbs-teams'
PRESEASON	H116	None	-18.8
PRESEASON	I116	None	datetime.datetime(2026, 7, 19, 0, 0)
PRESEASON	J116	None	'https://www.espn.com/college-football/fpi'
PRESEASON	Q116	None	-28.5
PRESEASON	R116	None	datetime.datetime(2026, 7, 19, 0, 0)
PRESEASON	S116	None	'https://www.teamrankings.com/college-football/ranking/predictive-by-other'
PRESEASON	D117	None	-7.2
PRESEASON	E117	None	datetime.datetime(2026, 3, 27, 0, 0)
PRESEASON	F117	None	'https://www.espn.com/college-football/story/_/id/48306284/2026-college-football-sp+-rankings-138-fbs-teams'
PRESEASON	H117	None	-4
PRESEASON	I117	None	datetime.datetime(2026, 7, 19, 0, 0)
PRESEASON	J117	None	'https://www.espn.com/college-football/fpi'
PRESEASON	Q117	None	-8.3
PRESEASON	R117	None	datetime.datetime(2026, 7, 19, 0, 0)
PRESEASON	S117	None	'https://www.teamrankings.com/college-football/ranking/predictive-by-other'
PRESEASON	D118	None	-2.4
PRESEASON	E118	None	datetime.datetime(2026, 3, 27, 0, 0)
PRESEASON	F118	None	'https://www.espn.com/college-football/story/_/id/48306284/2026-college-football-sp+-rankings-138-fbs-teams'
PRESEASON	H118	None	-6.8
PRESEASON	I118	None	datetime.datetime(2026, 7, 19, 0, 0)
PRESEASON	J118	None	'https://www.espn.com/college-football/fpi'
PRESEASON	Q118	None	-7.4
PRESEASON	R118	None	datetime.datetime(2026, 7, 19, 0, 0)
PRESEASON	S118	None	'https://www.teamrankings.com/college-football/ranking/predictive-by-other'
PRESEASON	D119	None	-3.9
PRESEASON	E119	None	datetime.datetime(2026, 3, 27, 0, 0)
PRESEASON	F119	None	'https://www.espn.com/college-football/story/_/id/48306284/2026-college-football-sp+-rankings-138-fbs-teams'
PRESEASON	H119	None	-2.4
PRESEASON	I119	None	datetime.datetime(2026, 7, 19, 0, 0)
PRESEASON	J119	None	'https://www.espn.com/college-football/fpi'
PRESEASON	Q119	None	-6.3
PRESEASON	R119	None	datetime.datetime(2026, 7, 19, 0, 0)
PRESEASON	S119	None	'https://www.teamrankings.com/college-football/ranking/predictive-by-other'
PRESEASON	D120	None	-12.2
PRESEASON	E120	None	datetime.datetime(2026, 3, 27, 0, 0)
PRESEASON	F120	None	'https://www.espn.com/college-football/story/_/id/48306284/2026-college-football-sp+-rankings-138-fbs-teams'
PRESEASON	H120	None	-11.9
PRESEASON	I120	None	datetime.datetime(2026, 7, 19, 0, 0)
PRESEASON	J120	None	'https://www.espn.com/college-football/fpi'
PRESEASON	Q120	None	-18.1
PRESEASON	R120	None	datetime.datetime(2026, 7, 19, 0, 0)
PRESEASON	S120	None	'https://www.teamrankings.com/college-football/ranking/predictive-by-other'
PRESEASON	D121	None	-0.5
PRESEASON	E121	None	datetime.datetime(2026, 3, 27, 0, 0)
PRESEASON	F121	None	'https://www.espn.com/college-football/story/_/id/48306284/2026-college-football-sp+-rankings-138-fbs-teams'
PRESEASON	H121	None	-3.5
PRESEASON	I121	None	datetime.datetime(2026, 7, 19, 0, 0)
PRESEASON	J121	None	'https://www.espn.com/college-football/fpi'
PRESEASON	Q121	None	-2.1
PRESEASON	R121	None	datetime.datetime(2026, 7, 19, 0, 0)
PRESEASON	S121	None	'https://www.teamrankings.com/college-football/ranking/predictive-by-other'
PRESEASON	D122	None	-1.4
PRESEASON	E122	None	datetime.datetime(2026, 3, 27, 0, 0)
PRESEASON	F122	None	'https://www.espn.com/college-football/story/_/id/48306284/2026-college-football-sp+-rankings-138-fbs-teams'
PRESEASON	H122	None	-8.3
PRESEASON	I122	None	datetime.datetime(2026, 7, 19, 0, 0)
PRESEASON	J122	None	'https://www.espn.com/college-football/fpi'
PRESEASON	Q122	None	-2.8
PRESEASON	R122	None	datetime.datetime(2026, 7, 19, 0, 0)
PRESEASON	S122	None	'https://www.teamrankings.com/college-football/ranking/predictive-by-other'
PRESEASON	D123	None	-18.2
PRESEASON	E123	None	datetime.datetime(2026, 3, 27, 0, 0)
PRESEASON	F123	None	'https://www.espn.com/college-football/story/_/id/48306284/2026-college-football-sp+-rankings-138-fbs-teams'
PRESEASON	H123	None	-14.5
PRESEASON	I123	None	datetime.datetime(2026, 7, 19, 0, 0)
PRESEASON	J123	None	'https://www.espn.com/college-football/fpi'
PRESEASON	Q123	None	-20.6
PRESEASON	R123	None	datetime.datetime(2026, 7, 19, 0, 0)
PRESEASON	S123	None	'https://www.teamrankings.com/college-football/ranking/predictive-by-other'
PRESEASON	D124	None	-15.5
PRESEASON	E124	None	datetime.datetime(2026, 3, 27, 0, 0)
PRESEASON	F124	None	'https://www.espn.com/college-football/story/_/id/48306284/2026-college-football-sp+-rankings-138-fbs-teams'
PRESEASON	H124	None	-14.3
PRESEASON	I124	None	datetime.datetime(2026, 7, 19, 0, 0)
PRESEASON	J124	None	'https://www.espn.com/college-football/fpi'
PRESEASON	Q124	None	-14.9
PRESEASON	R124	None	datetime.datetime(2026, 7, 19, 0, 0)
PRESEASON	S124	None	'https://www.teamrankings.com/college-football/ranking/predictive-by-other'
PRESEASON	D125	None	2.8
PRESEASON	E125	None	datetime.datetime(2026, 3, 27, 0, 0)
PRESEASON	F125	None	'https://www.espn.com/college-football/story/_/id/48306284/2026-college-football-sp+-rankings-138-fbs-teams'
PRESEASON	H125	None	1.8
PRESEASON	I125	None	datetime.datetime(2026, 7, 19, 0, 0)
PRESEASON	J125	None	'https://www.espn.com/college-football/fpi'
PRESEASON	Q125	None	-0.8
PRESEASON	R125	None	datetime.datetime(2026, 7, 19, 0, 0)
PRESEASON	S125	None	'https://www.teamrankings.com/college-football/ranking/predictive-by-other'
PRESEASON	D126	None	-20.5
PRESEASON	E126	None	datetime.datetime(2026, 3, 27, 0, 0)
PRESEASON	F126	None	'https://www.espn.com/college-football/story/_/id/48306284/2026-college-football-sp+-rankings-138-fbs-teams'
PRESEASON	H126	None	-16.6
PRESEASON	I126	None	datetime.datetime(2026, 7, 19, 0, 0)
PRESEASON	J126	None	'https://www.espn.com/college-football/fpi'
PRESEASON	Q126	None	-21
PRESEASON	R126	None	datetime.datetime(2026, 7, 19, 0, 0)
PRESEASON	S126	None	'https://www.teamrankings.com/college-football/ranking/predictive-by-other'
PRESEASON	D127	None	-9.6
PRESEASON	E127	None	datetime.datetime(2026, 3, 27, 0, 0)
PRESEASON	F127	None	'https://www.espn.com/college-football/story/_/id/48306284/2026-college-football-sp+-rankings-138-fbs-teams'
PRESEASON	H127	None	-13.1
PRESEASON	I127	None	datetime.datetime(2026, 7, 19, 0, 0)
PRESEASON	J127	None	'https://www.espn.com/college-football/fpi'
PRESEASON	Q127	None	-13.3
PRESEASON	R127	None	datetime.datetime(2026, 7, 19, 0, 0)
PRESEASON	S127	None	'https://www.teamrankings.com/college-football/ranking/predictive-by-other'
PRESEASON	D128	None	-12.1
PRESEASON	E128	None	datetime.datetime(2026, 3, 27, 0, 0)
PRESEASON	F128	None	'https://www.espn.com/college-football/story/_/id/48306284/2026-college-football-sp+-rankings-138-fbs-teams'
PRESEASON	H128	None	-9.8
PRESEASON	I128	None	datetime.datetime(2026, 7, 19, 0, 0)
PRESEASON	J128	None	'https://www.espn.com/college-football/fpi'
PRESEASON	Q128	None	-10.9
PRESEASON	R128	None	datetime.datetime(2026, 7, 19, 0, 0)
PRESEASON	S128	None	'https://www.teamrankings.com/college-football/ranking/predictive-by-other'
PRESEASON	D129	None	-8.5
PRESEASON	E129	None	datetime.datetime(2026, 3, 27, 0, 0)
PRESEASON	F129	None	'https://www.espn.com/college-football/story/_/id/48306284/2026-college-football-sp+-rankings-138-fbs-teams'
PRESEASON	H129	None	-9.2
PRESEASON	I129	None	datetime.datetime(2026, 7, 19, 0, 0)
PRESEASON	J129	None	'https://www.espn.com/college-football/fpi'
PRESEASON	Q129	None	-11
PRESEASON	R129	None	datetime.datetime(2026, 7, 19, 0, 0)
PRESEASON	S129	None	'https://www.teamrankings.com/college-football/ranking/predictive-by-other'
PRESEASON	D130	None	-13.8
PRESEASON	E130	None	datetime.datetime(2026, 3, 27, 0, 0)
PRESEASON	F130	None	'https://www.espn.com/college-football/story/_/id/48306284/2026-college-football-sp+-rankings-138-fbs-teams'
PRESEASON	H130	None	-12.1
PRESEASON	I130	None	datetime.datetime(2026, 7, 19, 0, 0)
PRESEASON	J130	None	'https://www.espn.com/college-football/fpi'
PRESEASON	Q130	None	-13.8
PRESEASON	R130	None	datetime.datetime(2026, 7, 19, 0, 0)
PRESEASON	S130	None	'https://www.teamrankings.com/college-football/ranking/predictive-by-other'
PRESEASON	D131	None	-8.9
PRESEASON	E131	None	datetime.datetime(2026, 3, 27, 0, 0)
PRESEASON	F131	None	'https://www.espn.com/college-football/story/_/id/48306284/2026-college-football-sp+-rankings-138-fbs-teams'
PRESEASON	H131	None	-8.7
PRESEASON	I131	None	datetime.datetime(2026, 7, 19, 0, 0)
PRESEASON	J131	None	'https://www.espn.com/college-football/fpi'
PRESEASON	Q131	None	-11.7
PRESEASON	R131	None	datetime.datetime(2026, 7, 19, 0, 0)
PRESEASON	S131	None	'https://www.teamrankings.com/college-football/ranking/predictive-by-other'
PRESEASON	D132	None	-25.1
PRESEASON	E132	None	datetime.datetime(2026, 3, 27, 0, 0)
PRESEASON	F132	None	'https://www.espn.com/college-football/story/_/id/48306284/2026-college-football-sp+-rankings-138-fbs-teams'
PRESEASON	H132	None	-15.2
PRESEASON	I132	None	datetime.datetime(2026, 7, 19, 0, 0)
PRESEASON	J132	None	'https://www.espn.com/college-football/fpi'
PRESEASON	Q132	None	-19.4
PRESEASON	R132	None	datetime.datetime(2026, 7, 19, 0, 0)
PRESEASON	S132	None	'https://www.teamrankings.com/college-football/ranking/predictive-by-other'
PRESEASON	D133	None	-2.1
PRESEASON	E133	None	datetime.datetime(2026, 3, 27, 0, 0)
PRESEASON	F133	None	'https://www.espn.com/college-football/story/_/id/48306284/2026-college-football-sp+-rankings-138-fbs-teams'
PRESEASON	H133	None	-2
PRESEASON	I133	None	datetime.datetime(2026, 7, 19, 0, 0)
PRESEASON	J133	None	'https://www.espn.com/college-football/fpi'
PRESEASON	Q133	None	-1.5
PRESEASON	R133	None	datetime.datetime(2026, 7, 19, 0, 0)
PRESEASON	S133	None	'https://www.teamrankings.com/college-football/ranking/predictive-by-other'
PRESEASON	D134	None	-9.1
PRESEASON	E134	None	datetime.datetime(2026, 3, 27, 0, 0)
PRESEASON	F134	None	'https://www.espn.com/college-football/story/_/id/48306284/2026-college-football-sp+-rankings-138-fbs-teams'
PRESEASON	H134	None	-8.3
PRESEASON	I134	None	datetime.datetime(2026, 7, 19, 0, 0)
PRESEASON	J134	None	'https://www.espn.com/college-football/fpi'
PRESEASON	Q134	None	-10.3
PRESEASON	R134	None	datetime.datetime(2026, 7, 19, 0, 0)
PRESEASON	S134	None	'https://www.teamrankings.com/college-football/ranking/predictive-by-other'
PRESEASON	D135	None	-8.3
PRESEASON	E135	None	datetime.datetime(2026, 3, 27, 0, 0)
PRESEASON	F135	None	'https://www.espn.com/college-football/story/_/id/48306284/2026-college-football-sp+-rankings-138-fbs-teams'
PRESEASON	H135	None	-9.6
PRESEASON	I135	None	datetime.datetime(2026, 7, 19, 0, 0)
PRESEASON	J135	None	'https://www.espn.com/college-football/fpi'
PRESEASON	Q135	None	-8.6
PRESEASON	R135	None	datetime.datetime(2026, 7, 19, 0, 0)
PRESEASON	S135	None	'https://www.teamrankings.com/college-football/ranking/predictive-by-other'
PRESEASON	D136	None	-6.4
PRESEASON	E136	None	datetime.datetime(2026, 3, 27, 0, 0)
PRESEASON	F136	None	'https://www.espn.com/college-football/story/_/id/48306284/2026-college-football-sp+-rankings-138-fbs-teams'
PRESEASON	H136	None	-8.8
PRESEASON	I136	None	datetime.datetime(2026, 7, 19, 0, 0)
PRESEASON	J136	None	'https://www.espn.com/college-football/fpi'
PRESEASON	Q136	None	-8.8
PRESEASON	R136	None	datetime.datetime(2026, 7, 19, 0, 0)
PRESEASON	S136	None	'https://www.teamrankings.com/college-football/ranking/predictive-by-other'
PRESEASON	D137	None	-5.8
PRESEASON	E137	None	datetime.datetime(2026, 3, 27, 0, 0)
PRESEASON	F137	None	'https://www.espn.com/college-football/story/_/id/48306284/2026-college-football-sp+-rankings-138-fbs-teams'
PRESEASON	H137	None	-4.4
PRESEASON	I137	None	datetime.datetime(2026, 7, 19, 0, 0)
PRESEASON	J137	None	'https://www.espn.com/college-football/fpi'
PRESEASON	Q137	None	-4.6
PRESEASON	R137	None	datetime.datetime(2026, 7, 19, 0, 0)
PRESEASON	S137	None	'https://www.teamrankings.com/college-football/ranking/predictive-by-other'
PRESEASON	D138	None	-13.3
PRESEASON	E138	None	datetime.datetime(2026, 3, 27, 0, 0)
PRESEASON	F138	None	'https://www.espn.com/college-football/story/_/id/48306284/2026-college-football-sp+-rankings-138-fbs-teams'
PRESEASON	H138	None	-10.5
PRESEASON	I138	None	datetime.datetime(2026, 7, 19, 0, 0)
PRESEASON	J138	None	'https://www.espn.com/college-football/fpi'
PRESEASON	Q138	None	-10.8
PRESEASON	R138	None	datetime.datetime(2026, 7, 19, 0, 0)
PRESEASON	S138	None	'https://www.teamrankings.com/college-football/ranking/predictive-by-other'
PRESEASON	D139	None	-23.3
PRESEASON	E139	None	datetime.datetime(2026, 3, 27, 0, 0)
PRESEASON	F139	None	'https://www.espn.com/college-football/story/_/id/48306284/2026-college-football-sp+-rankings-138-fbs-teams'
PRESEASON	H139	None	-5.1
PRESEASON	I139	None	datetime.datetime(2026, 7, 19, 0, 0)
PRESEASON	J139	None	'https://www.espn.com/college-football/fpi'
PRESEASON	Q139	None	-17.7
PRESEASON	R139	None	datetime.datetime(2026, 7, 19, 0, 0)
PRESEASON	S139	None	'https://www.teamrankings.com/college-football/ranking/predictive-by-other'
PRESEASON	D140	None	-6
PRESEASON	E140	None	datetime.datetime(2026, 3, 27, 0, 0)
PRESEASON	F140	None	'https://www.espn.com/college-football/story/_/id/48306284/2026-college-football-sp+-rankings-138-fbs-teams'
PRESEASON	H140	None	-7.4
PRESEASON	I140	None	datetime.datetime(2026, 7, 19, 0, 0)
PRESEASON	J140	None	'https://www.espn.com/college-football/fpi'
PRESEASON	Q140	None	-7.7
PRESEASON	R140	None	datetime.datetime(2026, 7, 19, 0, 0)
PRESEASON	S140	None	'https://www.teamrankings.com/college-football/ranking/predictive-by-other'
PRESEASON	D141	None	-24.3
PRESEASON	E141	None	datetime.datetime(2026, 3, 27, 0, 0)
PRESEASON	F141	None	'https://www.espn.com/college-football/story/_/id/48306284/2026-college-football-sp+-rankings-138-fbs-teams'
PRESEASON	H141	None	-19.3
PRESEASON	I141	None	datetime.datetime(2026, 7, 19, 0, 0)
PRESEASON	J141	None	'https://www.espn.com/college-football/fpi'
PRESEASON	Q141	None	-19.8
PRESEASON	R141	None	datetime.datetime(2026, 7, 19, 0, 0)
PRESEASON	S141	None	'https://www.teamrankings.com/college-football/ranking/predictive-by-other'
PRESEASON	D142	None	25.8
PRESEASON	E142	None	datetime.datetime(2026, 3, 27, 0, 0)
PRESEASON	F142	None	'https://www.espn.com/college-football/story/_/id/48306284/2026-college-football-sp+-rankings-138-fbs-teams'
PRESEASON	H142	None	25.9
PRESEASON	I142	None	datetime.datetime(2026, 7, 19, 0, 0)
PRESEASON	J142	None	'https://www.espn.com/college-football/fpi'
PRESEASON	Q142	None	29.1
PRESEASON	R142	None	datetime.datetime(2026, 7, 19, 0, 0)
PRESEASON	S142	None	'https://www.teamrankings.com/college-football/ranking/predictive-by-other'
PRESEASON	D143	None	-11.2
PRESEASON	E143	None	datetime.datetime(2026, 3, 27, 0, 0)
PRESEASON	F143	None	'https://www.espn.com/college-football/story/_/id/48306284/2026-college-football-sp+-rankings-138-fbs-teams'
PRESEASON	H143	None	-11.2
PRESEASON	I143	None	datetime.datetime(2026, 7, 19, 0, 0)
PRESEASON	J143	None	'https://www.espn.com/college-football/fpi'
PRESEASON	Q143	None	-10.9
PRESEASON	R143	None	datetime.datetime(2026, 7, 19, 0, 0)
PRESEASON	S143	None	'https://www.teamrankings.com/college-football/ranking/predictive-by-other'
FCS TIERS	A2	'NDSU and Sacramento State are FBS-reclassifying and NEVER use this framework. Tier values are BLANK until Phase 4 populates verified FCS rating data — FCS games stay blocked/uncertain until then. Named overrides beat tier assignment.'	'NDSU and Sacramento State are FBS-reclassifying and NEVER use this framework. Tier values remain BLANK — verified FCS ratings are deferred pending an authorized source load; FCS games stay blocked/uncertain until then. Named overrides beat tier assignment.'
CHANGELOG	A19	None	'v0.4'
CHANGELOG	B19	None	'2026-07-19'
CHANGELOG	C19	None	"PRESEASON!H:J populated with ESPN FPI 2026 preseason ratings for all 138 teams. Source: https://www.espn.com/college-football/fpi (embedded page JSON, page lastUpdated 2026-06-30T08:00Z, retrieved 2026-07-19; raw HTML/JSON archived). Team names matched against the existing TEAM MAP K:L ESPN-alias table built in Phase 3 (138/138 matched, 0 unmatched, since FPI uses ESPN's own team-name database)."
CHANGELOG	D19	None	'Phase 4 source load - FPI'
CHANGELOG	A20	None	'v0.4'
CHANGELOG	B20	None	'2026-07-19'
CHANGELOG	C20	None	"PRESEASON!Q:S populated with TeamRankings 2026 preseason predictive ratings for all 138 teams. Source: https://www.teamrankings.com/college-football/ranking/predictive-by-other (server-rendered table, retrieved 2026-07-19; raw HTML archived). TeamRankings uses non-ESPN team-name abbreviations (e.g. 'N Illinois', 'S Florida', 'J Madison'); each of the 138 names was manually verified against the canonical TEAM MAP list and mapped to its abbreviation (138/138 matched, 0 unmatched, including disambiguation of directional prefixes N/S/E/W/C and Mississippi vs Mississippi State)."
CHANGELOG	D20	None	'Phase 4 source load - TeamRankings'
CHANGELOG	A21	None	'v0.4'
CHANGELOG	B21	None	'2026-07-19'
CHANGELOG	C21	None	"[ENTRY CORRECTED IN v0.4.2 - the original text here claimed ESPN's SP+ page was Insider-paywalled with only scattered ranks public. That assessment was WRONG: the official ESPN article '2026 college football SP+ rankings for all 138 FBS teams' (story id 48306284, published 2026-03-27) contains the complete 138-team table, and the table was present in the raw capture archived on 2026-07-19 all along - the error was in this build's text extraction, which flattened the article's HTML tables into prose. SP+ was loaded in v0.4.2 from that same capture; see the v0.4.2 entries below.]"
CHANGELOG	D21	None	'Phase 4 - SP+ assessment corrected in v0.4.2'
CHANGELOG	A22	None	'v0.4'
CHANGELOG	B22	None	'2026-07-19'
CHANGELOG	C22	None	'PRESEASON!L:P (TTW independent 2025 prior) left BLANK - construction requires CollegeFootballData.com (CFBD) API access; no API key is configured in this environment (unauthenticated request returned 401). Per Architecture Amendment v0.2 Section 1, if a reliable independent TTW 2025 prior cannot be constructed, the build must stop and report the limitation rather than silently substituting 2025 SP+ or another proxy. No substitution was made.'
CHANGELOG	D22	None	'Phase 4 blocker - TTW independent prior unavailable'
CHANGELOG	A23	None	'v0.4'
CHANGELOG	B23	None	'2026-07-19'
CHANGELOG	C23	None	'PRESEASON!U:X (VSiN) left BLANK - VSiN is explicitly documented as user-supplied-only data (enhancement, never a prerequisite); none has been provided yet.'
CHANGELOG	D23	None	'Phase 4 blocker - VSiN not supplied'
CHANGELOG	A24	None	'v0.4'
CHANGELOG	B24	None	'2026-07-19'
CHANGELOG	C24	None	'QB VALUES left unpopulated - ESPN depth charts are not yet published this early in the offseason (tested 2026-07-19, endpoint returns an empty body), and no explicit QB-value quantification source is named in the approved architecture docs. Existing UNCERTAIN/blank-tolerant formula logic on this tab handles the gap without modification.'
CHANGELOG	D24	None	'Phase 4 blocker - QB depth charts not yet available'
CHANGELOG	A25	None	'v0.4'
CHANGELOG	B25	None	'2026-07-20'
CHANGELOG	C25	None	"USER DECISION (confirmed 2026-07-20; SP+ portion superseded in v0.4.2): no CFBD API key is available - the TTW independent 2025 prior remains blank and BLOCKED per Architecture Amendment v0.2 Section 1 (no proxy substituted). VSiN remains blank (user-supplied only, none provided). [The original entry also recorded 'no SP+ data available' and a two-source blend (weight 0.40); that rested on the erroneous paywall assessment corrected in v0.4.2 - SP+ is now loaded and the blend runs on three sources, weight 0.70.]"
CHANGELOG	D25	None	'Phase 4 - user-confirmed source decisions'
CHANGELOG	A26	None	'v0.4'
CHANGELOG	B26	None	'2026-07-20'
CHANGELOG	C26	None	'USER DECISION (confirmed): QB VALUES stays blank until reliable depth charts are available closer to August. Verified that the existing QB VALUES status formula (column M) already returns UNCERTAIN for every team while inputs are blank - no formula or structural change was needed or made.'
CHANGELOG	D26	None	'Phase 4 - user-confirmed QB deferral'
CHANGELOG	A27	None	'v0.4'
CHANGELOG	B27	None	'2026-07-20'
CHANGELOG	C27	None	"SETTINGS!B22 (League average total) and B23 (Total EPA scale) remain BLANK. Their only consumer is ENGINE column Y's projected game total, which also requires per-team EPA values flowing from IMPORT STATS via CALC - and the EPA stats pipeline is (a) CFBD/cfbfastR-sourced, blocked without an API key, and (b) in-season data that does not exist yet in July. ENGINE Y correctly shows blank/NOT AVAILABLE while B22/B23 are blank, so no placeholder value was invented. To be populated when the stats pipeline unblocks."
CHANGELOG	D27	None	'Phase 4 - totals subsystem stays blocked with stats pipeline'
CHANGELOG	A28	None	'v0.4.1'
CHANGELOG	B28	None	'2026-07-20'
CHANGELOG	C28	None	"TTW independent 2025 prior source investigation (user-directed, before declaring the prior blocked): the official public cfbfastR/SportsDataverse distribution was identified and validated as far as this session's access allows. (1) Source: GitHub release assets on sportsdataverse/sportsdataverse-data, release tag cfbfastR_cfb_pbp, file play_by_play_2025.rds - confirmed from the cfbfastR package's own loader source code (load_cfb_pbp). (2) Season completeness: the repo's publicly readable manifest (games_in_data_repo.csv, retrieved 2026-07-20) lists 1,662 games for 2025 - in line with verified-complete prior seasons (2024: 1,661 incl. full CFP; structure matches, incl. teams at 16 games), and includes North Dakota State (13 games) and Sacramento State (12). (3) Fields: the same dataset family's accessible 2019 parquet (71 MB, 368 columns, retrieved 2026-07-20) carries per-play EPA (epa/def_epa), success indicators, scores, teams, game_id, week - every field the approved prior methodology requires (neutral-site/date join via ESPN game_id from the already-approved schedule source). (4) ACCESS RESULT: the 2025 release asset itself is BLOCKED by this session's platform - github.com release downloads outside the session's repo scope return 'GitHub access to this repository is not enabled for this session', and add_repo was denied ('cross-tier adds are not supported in v1'). The in-tree files (raw.githubusercontent, accessible) stop at season 2020. The prior therefore remains BLANK. This is an access limitation, not dataset incompleteness or methodology infeasibility. No proxy substituted, no methodology change. Unblock paths: session with sportsdataverse as a source; user-supplied play_by_play_2025 file (~70 MB); or a CFBD API key."
CHANGELOG	D28	None	'v0.4.1 - TTW prior investigation (user item 1)'
CHANGELOG	A29	None	'v0.4.1'
CHANGELOG	B29	None	'2026-07-20'
CHANGELOG	C29	None	'Corrected four stale visible text cells that still described the pre-Phase-4 state: START HERE!A3 (updated to the then-current load state; list of remaining gaps as understood at v0.4.1 - the SP+ item in that list was superseded in v0.4.2 when SP+ was loaded); PRESEASON!A1 (no longer says values are empty until Phase 4); SETTINGS!C22:C23 (now say the totals constants are blocked/deferred until verified in-season EPA data is available); FCS TIERS!A2 (no longer promises Phase 4 population; verified FCS ratings deferred pending an authorized source load). Text-only changes - no values or formulas touched.'
CHANGELOG	D29	None	'v0.4.1 - stale-text corrections (user item 2)'
CHANGELOG	A30	None	'v0.4.1'
CHANGELOG	B30	None	'2026-07-20'
CHANGELOG	C30	None	'FPI and TeamRankings values revalidated against the archived raw sources (independent re-parse of both archives, all 138 teams x 2 sources compared cell-by-cell against PRESEASON!H and Q). Result recorded in the v0.4.1 validation report. Values preserved unchanged; no formula modified anywhere in the workbook.'
CHANGELOG	D30	None	'v0.4.1 - source revalidation (user item 5)'
CHANGELOG	A31	None	'v0.4.2'
CHANGELOG	B31	None	'2026-07-20'
CHANGELOG	C31	None	"SP+ blocker assessment CORRECTED (user-directed): the official ESPN article '2026 college football SP+ rankings for all 138 FBS teams' (story id 48306284, published 2026-03-27T10:33Z per the page's own metadata) contains the complete 138-team table - two HTML tables (139-row team table + 11-row conference table) present in the raw capture archived 2026-07-19. The v0.4 'Insider-paywalled / scattered ranks only' claim was an extraction error (tag-stripping flattened the tables into prose), not a property of the source. All workbook statements claiming SP+ is paywalled/unavailable/incomplete have been removed (START HERE!A3, PRESEASON!A1, CHANGELOG rows 21/25/29)."
CHANGELOG	D31	None	'v0.4.2 - SP+ assessment correction'
CHANGELOG	A32	None	'v0.4.2'
CHANGELOG	B32	None	'2026-07-20'
CHANGELOG	C32	None	"PRESEASON!D:F populated with the OVERALL SP+ value for all 138 teams (D = overall SP+ only - the offensive/defensive/special-teams component columns were parsed for the audit record but are never used in the blend, per user directive; E = source publication date 2026-03-27; F = official ESPN article URL). Extraction validated: 138 rows, 138 unique teams, ranks exactly 1-138, zero duplicates. Team-name mapping: explicit 138-entry manually-reviewed table (article uses mixed abbreviations, e.g. 'SDSU' = San Diego State with SJSU listed separately, 'Miami' vs 'Miami-OH', 'Ole Miss' vs 'Miss. St.', 'NDSU' rank 72 and 'Sac State' rank 130 - both reclassifiers present, cross-confirmed by the article's own prose); 138/138 matched against TEAM MAP, zero unmatched/duplicate/ambiguous."
CHANGELOG	D32	None	'v0.4.2 - SP+ source load'
CHANGELOG	A33	None	'v0.4.2'
CHANGELOG	B33	None	'2026-07-20'
CHANGELOG	C33	None	'Three-source blend verified: with SP+ (0.30) + FPI (0.25) + TeamRankings (0.15) loaded, every one of the 138 teams computes available weight Y = 0.70, source count AA = 3, and a blank single-source flag AB. Blended FINAL PRIOR independently reproduced outside the workbook from the loaded raw values and the SETTINGS weights - results recorded in the v0.4.2 validation report. TTW independent 2025 prior, VSiN, QB values, market lines, and in-season statistics remain blank as previously documented. No formulas changed.'
CHANGELOG	D33	None	'v0.4.2 - three-source blend verification'
