abbrev,team,conference,active_qb,status_type,prev_school,confidence,confirmed_level,injury_eligibility,stats_2025,candidates,notes,sources,research_date
ALA,Alabama,SEC,Keelon Russell,backup promotion / open competition,,L,open competition (not named; likely decided late fall),Mack reported 'dinged up' in spring,Russell: minimal college pass attempts (redshirt Fr),"Keelon Russell (RS Fr, slight leader) | Austin Mack (RS, dinged up)","Genuine QB competition Russell vs Mack; Russell slight favorite per SI, DeBoer expected to wait deep into fall.","Sports Illustrated (https://www.si.com/college-football/projecting-every-sec-starting-quarterback-2026-college-football-season, 2026 offseason) ; Saturday Down South (corroborating competition) (https://www.saturdaydownsouth.com/news/college-football/predicting-every-sec-starting-quarterback-for-the-2026-season/, 2026 offseason)",2026-07-21
ARK,Arkansas,SEC,KJ Jackson,returning starter (with competition),,M,"strong projected, competition remains",,partial (dual-threat returning starter),"KJ Jackson (returning, dual-threat) | AJ Hill (transfer, followed coach from Memphis)",Jackson leads; AJ Hill pushing after following new coach from Memphis.,"Sports Illustrated (https://www.si.com/college-football/projecting-every-sec-starting-quarterback-2026-college-football-season, 2026 offseason)",2026-07-21
AUB,Auburn,SEC,Byrum Brown,transfer,South Florida (USF),M,"strong projected (transfer brought in to start, no competition reported)",,"USF 2025: 28 pass TD, 7 INT (RS senior, dual-threat)","Byrum Brown (USF transfer, clear QB1)",RS senior transfer from South Florida; no competition mentioned.,"Sports Illustrated (https://www.si.com/college-football/projecting-every-sec-starting-quarterback-2026-college-football-season, 2026 offseason)",2026-07-21
FLA,Florida,SEC,Aaron Philo,transfer / open competition,Georgia Tech,L,open competition,,partial,"Aaron Philo (Georgia Tech transfer, w/ OC Buster Faulkner) | Tramell Jones Jr. (impressed in spring)",Philo followed OC Buster Faulkner from Georgia Tech; spring 'mixed bag'; Tramell Jones Jr. lit up spring game. Genuinely open.,"Sports Illustrated (https://www.si.com/college-football/projecting-every-sec-starting-quarterback-2026-college-football-season, 2026 offseason) ; Yahoo/SDS (corroborating competition) (https://sports.yahoo.com/articles/projected-starting-quarterbacks-sec-2026-210144517.html, 2026 offseason)",2026-07-21
UGA,Georgia,SEC,Gunner Stockton,returning starter,,H,"established returning starter, no competition",,"2025: 69.7% comp, 24 pass TD, 5 INT",Gunner Stockton (returning),Returns after solid first season as starter; no reported competition.,"Sports Illustrated (https://www.si.com/college-football/projecting-every-sec-starting-quarterback-2026-college-football-season, 2026 offseason) ; CBS Sports SEC QB rankings (https://www.cbssports.com/college-football/news/sec-qb-rankings-2026-season-arch-manning-trinidad-chambliss/, 2026 offseason)",2026-07-21
UK,Kentucky,SEC,Kenny Minchey,transfer,Notre Dame,M,"strong projected (transfer QB1, no competition reported)",,limited (lost ND battle to CJ Carr),Kenny Minchey (Notre Dame transfer),Transfer from Notre Dame after losing job to CJ Carr; expected QB1.,"Sports Illustrated (https://www.si.com/college-football/projecting-every-sec-starting-quarterback-2026-college-football-season, 2026 offseason)",2026-07-21
LSU,LSU,SEC,Sam Leavitt,transfer,Arizona State,H,strong projected/expected QB1 (marquee transfer),Dealt with injury in 2025,"ASU 2025: 10 pass TD, 3 INT (injury-shortened)",Sam Leavitt (Arizona State transfer),High-profile transfer from Arizona State; 'one of priciest pieces' of portal cycle.,"Sports Illustrated (https://www.si.com/college-football/projecting-every-sec-starting-quarterback-2026-college-football-season, 2026 offseason)",2026-07-21
MSST,Mississippi State,SEC,Kamario Taylor,returning starter,,M,strong projected (limited 2025 sample),,Started final two games of 2025,"Kamario Taylor (returning, started final 2 games 2025)",Returning; took over late 2025.,"Sports Illustrated (https://www.si.com/college-football/projecting-every-sec-starting-quarterback-2026-college-football-season, 2026 offseason)",2026-07-21
MIZ,Missouri,SEC,Austin Simmons,transfer (with competition),Ole Miss,M,"projected leader, some competition",,"Ole Miss 2025: 2 starts, 4 TD, 5 INT",Austin Simmons (Ole Miss transfer) | Matt Zollers,Transfer from Ole Miss; Zollers in the mix.,"Sports Illustrated (https://www.si.com/college-football/projecting-every-sec-starting-quarterback-2026-college-football-season, 2026 offseason)",2026-07-21
OU,Oklahoma,SEC,John Mateer,returning starter,,H,established returning starter,,"2025: 14 pass TD, 11 INT, dual-threat; took 13 sacks in losses",John Mateer (returning),Returning dual-threat starter.,"Sports Illustrated (https://www.si.com/college-football/projecting-every-sec-starting-quarterback-2026-college-football-season, 2026 offseason) ; CBS Sports SEC QB rankings (https://www.cbssports.com/college-football/news/sec-qb-rankings-2026-season-arch-manning-trinidad-chambliss/, 2026 offseason)",2026-07-21
MISS,Ole Miss,SEC,Trinidad Chambliss,returning starter,,H,established returning starter (eligibility secured),Received injunction/court ruling granting additional season of eligibility,"2025: 22 pass TD, 3 INT (SEC passing leader)",Trinidad Chambliss (returning),Returning 2025 SEC passing leader; extra eligibility confirmed by ruling.,"Sports Illustrated (https://www.si.com/college-football/projecting-every-sec-starting-quarterback-2026-college-football-season, 2026 offseason) ; CBS Sports SEC QB rankings (https://www.cbssports.com/college-football/news/sec-qb-rankings-2026-season-arch-manning-trinidad-chambliss/, 2026 offseason)",2026-07-21
SCAR,South Carolina,SEC,LaNorris Sellers,returning starter,,H,established returning starter,,"2025: 13 pass TD, 8 INT; OL allowed 42 sacks",LaNorris Sellers (returning),Established returning dual-threat starter.,"Sports Illustrated (https://www.si.com/college-football/projecting-every-sec-starting-quarterback-2026-college-football-season, 2026 offseason)",2026-07-21
TENN,Tennessee,SEC,Faizon Brandon,true freshman / wide-open competition,,L,wide-open competition (sources disagree on favorite),,MacIntyre: 9 career passes; Brandon: incoming (No.3 QB 2026 class),"Faizon Brandon (true Fr, high upside) | George MacIntyre (most system time, 9 career passes) | Ryan Staub (Colorado transfer, veteran)","Most wide-open QB battle in SEC; SI projects Brandon, SDS/Yahoo call MacIntyre favorite; Staub (Colorado) also in mix. Do not treat as decided.","Sports Illustrated (https://www.si.com/college-football/projecting-every-sec-starting-quarterback-2026-college-football-season, 2026 offseason) ; Saturday Down South/Yahoo (favorite MacIntyre) (https://sports.yahoo.com/articles/projected-starting-quarterbacks-sec-2026-210144517.html, 2026 offseason)",2026-07-21
TEX,Texas,SEC,Arch Manning,returning starter,,H,"established returning starter, no competition",,"2025: 26 pass TD, 7 INT (improved mid-season)",Arch Manning (returning),Returning starter; no reported competition.,"Sports Illustrated (https://www.si.com/college-football/projecting-every-sec-starting-quarterback-2026-college-football-season, 2026 offseason) ; CBS Sports SEC QB rankings (https://www.cbssports.com/college-football/news/sec-qb-rankings-2026-season-arch-manning-trinidad-chambliss/, 2026 offseason)",2026-07-21
TAMU,Texas A&M,SEC,Marcel Reed,returning starter,,H,established returning starter,,"2025: 25 pass TD, 12 INT (half INTs in last 4 games)",Marcel Reed (returning),Returning starter.,"Sports Illustrated (https://www.si.com/college-football/projecting-every-sec-starting-quarterback-2026-college-football-season, 2026 offseason)",2026-07-21
VAN,Vanderbilt,SEC,Jared Curtis,true freshman,,L,projected day-1 starter but true freshman (uncertainty),,Curtis: incoming five-star; Berlowitz: backup 2025,Jared Curtis (five-star true Fr) | Blaze Berlowitz (backed Diego Pavia 2025),Five-star freshman expected to start; some uncertainty as a true freshman; Berlowitz is experienced backup.,"Sports Illustrated (https://www.si.com/college-football/projecting-every-sec-starting-quarterback-2026-college-football-season, 2026 offseason) ; Yahoo/SDS (https://sports.yahoo.com/articles/projected-starting-quarterbacks-sec-2026-210144517.html, 2026 offseason)",2026-07-21
ILL,Illinois,Big Ten,Katin Houser,transfer,East Carolina,H,uncontested transfer QB1,,"ECU 2025: 65.9% comp, 3,300 yds, 19 TD, 6 INT, 146.3 rating","Katin Houser (ECU transfer, uncontested QB1)",Transfer from East Carolina; no competition reported.,"Sports Illustrated (Big Ten QB projections) (https://www.si.com/college-football/projecting-every-big-ten-starting-quarterback-ahead-of-2026-season, 2026 offseason)",2026-07-21
IND,Indiana,Big Ten,Josh Hoover,transfer,TCU,H,uncontested transfer QB1,,"TCU 2025: 65.9% comp, 3,472 yds, 29 TD, 13 INT, 153.4 rating","Josh Hoover (TCU transfer, uncontested)",Transfer from TCU; led Big 12 in YPA; INT total to improve.,"Sports Illustrated (Big Ten QB projections) (https://www.si.com/college-football/projecting-every-big-ten-starting-quarterback-ahead-of-2026-season, 2026 offseason)",2026-07-21
IOWA,Iowa,Big Ten,Jeremy Hecklinski,backup promotion / competition,,L,open/uncertain (little experience),,"Hecklinski: 2/2, 8 yds (minimal)","Jeremy Hecklinski (backup promotion, minimal experience) | Hank Brown (Auburn transfer)",Very inexperienced projected starter; Hank Brown (Auburn transfer) competing.,"Sports Illustrated (Big Ten QB projections) (https://www.si.com/college-football/projecting-every-big-ten-starting-quarterback-ahead-of-2026-season, 2026 offseason)",2026-07-21
MD,Maryland,Big Ten,Malik Washington,returning starter,,H,returning starter,,"2025: 57.7% comp, 2,963 yds, 17 TD, 9 INT, 118.4 rating","Malik Washington (returning, started as true Fr 2025)",Returning starter (named as true freshman in 2025).,"Sports Illustrated (Big Ten QB projections) (https://www.si.com/college-football/projecting-every-big-ten-starting-quarterback-ahead-of-2026-season, 2026 offseason)",2026-07-21
MICH,Michigan,Big Ten,Bryce Underwood,returning starter,,H,returning starter,,"2025: 60.3% comp, 2,428 yds, 11 TD, 9 INT, 126.6 rating","Bryce Underwood (returning, former 5-star)",Returning starter; struggled vs top competition as a freshman.,"Sports Illustrated (Big Ten QB projections) (https://www.si.com/college-football/projecting-every-big-ten-starting-quarterback-ahead-of-2026-season, 2026 offseason)",2026-07-21
MSU,Michigan State,Big Ten,Alessio Milivojevic,backup promotion,,M,projected starter after Chiles transferred out (limited sample),,"2025: 64.2% comp, 1,267 yds, 10 TD, 3 INT, 141.3 rating; took 14 sacks in 4 starts","Alessio Milivojevic (RS Fr, played in Chiles' absence 2025)",Steps in after Aidan Chiles transferred to Northwestern; RS Fr with partial-season sample.,"Sports Illustrated (Big Ten QB projections) (https://www.si.com/college-football/projecting-every-big-ten-starting-quarterback-ahead-of-2026-season, 2026 offseason) ; Inside NU (Chiles transfer confirmation) (https://www.insidenu.com/northwestern-football/58895/breaking-michigan-state-transfer-quarterback-aidan-chiles-commits-to-northwestern-football, 2026-01-06)",2026-07-21
MINN,Minnesota,Big Ten,Drake Lindsey,returning starter,,M,"returning starter, minor uncertainty",Arrested May 2025 (suspected alcohol possession / fake ID) — off-field note,"2025: 63.2% comp, 2,382 yds, 18 TD, 6 INT, 126.9 rating",Drake Lindsey (returning) | Max Shikenjanski (backup),Returning starter; off-field incident noted; Shikenjanski backup.,"Sports Illustrated (Big Ten QB projections) (https://www.si.com/college-football/projecting-every-big-ten-starting-quarterback-ahead-of-2026-season, 2026 offseason)",2026-07-21
NEB,Nebraska,Big Ten,Anthony Colandrea,transfer / open competition,UNLV,L,open competition (sources disagree on favorite),,"Colandrea (UNLV) 2025: 65.9% comp, 3,469 yds, 23 TD, 9 INT, 149.5 rating","Anthony Colandrea (UNLV transfer — SI projects) | TJ Lateef (Yahoo projects) | Daniel Kaelin (Virginia transfer, option)",Genuine competition: SI projects Colandrea; Yahoo lists Lateef as projected with Colandrea/Kaelin as options. Not decided.,"Sports Illustrated (Big Ten QB projections) (https://www.si.com/college-football/projecting-every-big-ten-starting-quarterback-ahead-of-2026-season, 2026 offseason) ; Yahoo Sports (Lateef projection) (https://sports.yahoo.com/articles/ranking-big-tens-projected-qb-130114854.html, 2026 offseason)",2026-07-21
NW,Northwestern,Big Ten,Aidan Chiles,transfer,Michigan State,H,uncontested transfer QB1 (verified),,MSU 2025 starter (dual-threat); turnovers to clean up,"Aidan Chiles (MSU transfer, only FBS-experienced QB on roster)","Verified: committed to Northwestern Jan 6, 2026 from Michigan State; clear starter.","Sports Illustrated (Big Ten QB projections) (https://www.si.com/college-football/projecting-every-big-ten-starting-quarterback-ahead-of-2026-season, 2026 offseason) ; Inside NU (https://www.insidenu.com/northwestern-football/58895/breaking-michigan-state-transfer-quarterback-aidan-chiles-commits-to-northwestern-football, 2026-01-06) ; Northwestern Athletics roster (https://nusports.com/sports/football/roster/aidan-chiles/13274, 2026)",2026-07-21
OHST,Ohio State,Big Ten,Julian Sayin,returning starter,,H,established returning starter,,"2025: 77.0% comp, 3,610 yds, 32 TD, 8 INT, 177.5 rating","Julian Sayin (returning, 2025 Heisman finalist)",Returning starter; 2025 Heisman finalist.,"Sports Illustrated (Big Ten QB projections) (https://www.si.com/college-football/projecting-every-big-ten-starting-quarterback-ahead-of-2026-season, 2026 offseason) ; CBS/On3 (Sayin returning) (https://collegefootballnews.com/college-football/every-power-four-quarterback-situation-2026, 2026 offseason)",2026-07-21
ORE,Oregon,Big Ten,Dante Moore,returning starter,,H,established returning starter,,"2025: 71.8% comp, 3,565 yds, 30 TD, 10 INT, 163.7 rating",Dante Moore (returning; turned down NFL Draft),Returned instead of entering 2026 NFL Draft; clear QB1.,"Sports Illustrated (Big Ten QB projections) (https://www.si.com/college-football/projecting-every-big-ten-starting-quarterback-ahead-of-2026-season, 2026 offseason)",2026-07-21
PSU,Penn State,Big Ten,Rocco Becht,transfer,Iowa State,H,uncontested transfer QB1,,"ISU 2025: 60.5% comp, 2,584 yds, 16 TD, 9 INT, 134.8 rating; 21 sacks","Rocco Becht (Iowa State transfer, followed HC Matt Campbell)",Multi-year Iowa State starter; transferred with HC Matt Campbell.,"Sports Illustrated (Big Ten QB projections) (https://www.si.com/college-football/projecting-every-big-ten-starting-quarterback-ahead-of-2026-season, 2026 offseason)",2026-07-21
PUR,Purdue,Big Ten,Ryan Browne,returning starter,,M,"returning starter, performance uncertainty",,"2025: 58.9% comp, 2,153 yds, 9 TD, 10 INT, 115.3 rating; 2-12 as starter",Ryan Browne (returning),Returning starter but struggling track record.,"Sports Illustrated (Big Ten QB projections) (https://www.si.com/college-football/projecting-every-big-ten-starting-quarterback-ahead-of-2026-season, 2026 offseason)",2026-07-21
RUTG,Rutgers,Big Ten,Dylan Lonergan,transfer / competition,Boston College,L,neck-and-neck competition,,"Lonergan (BC) 2025: 66.9% comp, 2,025 yds, 12 TD, 5 INT, 137.2 rating","Dylan Lonergan (BC transfer) | AJ Surace (competing, little game action)",Competition described as neck-and-neck vs AJ Surace.,"Sports Illustrated (Big Ten QB projections) (https://www.si.com/college-football/projecting-every-big-ten-starting-quarterback-ahead-of-2026-season, 2026 offseason)",2026-07-21
UCLA,UCLA,Big Ten,Nico Iamaleava,returning starter,,H,established returning starter,,"2025: 64.4% comp, 1,928 yds, 13 TD, 7 INT, 123.5 rating",Nico Iamaleava (returning; transferred from Tennessee in 2025),Returning starter (was 2025 UCLA starter after Tennessee).,"Sports Illustrated (Big Ten QB projections) (https://www.si.com/college-football/projecting-every-big-ten-starting-quarterback-ahead-of-2026-season, 2026 offseason)",2026-07-21
USC,USC,Big Ten,Jayden Maiava,returning starter,,H,returning starter,,"2025: 65.8% comp, 3,711 yds, 24 TD, 10 INT, 157.8 rating",Jayden Maiava (returning),Returning starter.,"Sports Illustrated (Big Ten QB projections) (https://www.si.com/college-football/projecting-every-big-ten-starting-quarterback-ahead-of-2026-season, 2026 offseason)",2026-07-21
WASH,Washington,Big Ten,Demond Williams Jr.,returning starter,,H,returning starter,,"2025: 69.5% comp, 3,065 yds, 25 TD, 8 INT, 161.0 rating; 31 sacks in 13 g",Demond Williams Jr. (returning),Returning starter.,"Sports Illustrated (Big Ten QB projections) (https://www.si.com/college-football/projecting-every-big-ten-starting-quarterback-ahead-of-2026-season, 2026 offseason)",2026-07-21
WISC,Wisconsin,Big Ten,Colton Joseph,transfer,Group of Five (per SI; to confirm),M,projected transfer QB1 (prev school to confirm),,"2025: 59.7% comp, 2,624 yds, 21 TD, 10 INT, 152.7 rating; 1,007 rush yds, 13 rush TD","Colton Joseph (transfer, dual-threat)",Dual-threat transfer; SI lists prior school only as 'Group of 6' — prev school flagged for confirmation.,"Sports Illustrated (Big Ten QB projections) (https://www.si.com/college-football/projecting-every-big-ten-starting-quarterback-ahead-of-2026-season, 2026 offseason)",2026-07-21
ARIZ,Arizona,Big 12,Noah Fifita,returning starter,,H,established returning starter (SI High),,"2025: 64.3% comp, 3,228 yds, 29 TD, 6 INT",Noah Fifita (3-year returning starter),Multi-year established starter.,"Sports Illustrated (Big 12 QB projections) (https://www.si.com/college-football/projecting-every-big-12-starting-quarterback-2026-college-football-season, 2026 offseason)",2026-07-21
AZST,Arizona State,Big 12,Cutter Boley,transfer / competition,Kentucky,M,"projected leader, real competition (SI Medium)",,"Kentucky 2025: 65.8% comp, 2,160 yds, 15 TD, 12 INT",Cutter Boley (Kentucky transfer) | Mikey Keene (Michigan transfer) | Jake Fette (true Fr),Turnovers plagued Boley in SEC; Keene and Fette competing.,"Sports Illustrated (Big 12 QB projections) (https://www.si.com/college-football/projecting-every-big-12-starting-quarterback-2026-college-football-season, 2026 offseason)",2026-07-21
BAY,Baylor,Big 12,DJ Lagway,transfer,Florida,H,projected transfer QB1 (SI High); affiliation verified,,"Florida 2025: 63.2% comp, 2,264 yds, 16 TD, 14 INT (started all 12)",DJ Lagway (Florida transfer; Baylor legacy),Verified: signed with Baylor Jan 2026 after Florida exit; former No.1 QB recruit 2024; decision-making to improve.,"Sports Illustrated (Big 12 QB projections) (https://www.si.com/college-football/projecting-every-big-12-starting-quarterback-2026-college-football-season, 2026 offseason) ; Yahoo Sports (Lagway signs with Baylor) (https://sports.yahoo.com/college-football/breaking-news/article/transfer-portal-florida-qb-dj-lagway-signs-with-baylor-over-a-week-after-first-committing-to-bears-201418898.html, 2026-01) ; CBS Sports (https://www.cbssports.com/college-football/news/dj-lagway-transfer-baylor-florida-qb, 2026-01)",2026-07-21
BYU,BYU,Big 12,Bear Bachmeier,returning starter,,H,returning starter (SI High),,"2025: 64.9% comp, 3,033 yds, 15 TD, 7 INT",Bear Bachmeier (returning; started as true Fr 2025),Returning; rough two-game stretch vs Texas Tech.,"Sports Illustrated (Big 12 QB projections) (https://www.si.com/college-football/projecting-every-big-12-starting-quarterback-2026-college-football-season, 2026 offseason)",2026-07-21
CIN,Cincinnati,Big 12,JC French IV,transfer,Georgia Southern,H,projected transfer QB1 (SI High),,"GSU 2025: 63.8% comp, 2,929 yds, 20 TD, 8 INT; 29 sacks",JC French IV (Georgia Southern transfer),Replaces Brendan Sorsby.,"Sports Illustrated (Big 12 QB projections) (https://www.si.com/college-football/projecting-every-big-12-starting-quarterback-2026-college-football-season, 2026 offseason)",2026-07-21
COLO,Colorado,Big 12,Julian Lewis,backup promotion,,H,"named starter, no competition (SI High); inexperienced",,"2025: 55.3% comp, 589 yds, 4 TD, 0 INT (limited)",Julian Lewis (RS opportunity; promoted after Sanders era),Named QB1; Colorado allowed a Big-12-worst 38 sacks in 2025.,"Sports Illustrated (Big 12 QB projections) (https://www.si.com/college-football/projecting-every-big-12-starting-quarterback-2026-college-football-season, 2026 offseason)",2026-07-21
HOU,Houston,Big 12,Conner Weigman,transfer / competition,Texas A&M,M,"projected leader, freshman pushing (SI Medium)",,"2025: 65.2% comp, 2,705 yds, 25 TD, 9 INT",Conner Weigman (Texas A&M transfer) | Keisean Henderson (No.1 recruit 2026 class),Weigman leads; heralded freshman Henderson in the mix.,"Sports Illustrated (Big 12 QB projections) (https://www.si.com/college-football/projecting-every-big-12-starting-quarterback-2026-college-football-season, 2026 offseason)",2026-07-21
ISU,Iowa State,Big 12,Jaylen Raynor,transfer,Arkansas State,H,projected transfer QB1 (SI High),,"ASU 2025: 66.5% comp, 3,361 yds, 19 TD, 11 INT",Jaylen Raynor (Arkansas State transfer),Replaces Rocco Becht (to Penn State).,"Sports Illustrated (Big 12 QB projections) (https://www.si.com/college-football/projecting-every-big-12-starting-quarterback-2026-college-football-season, 2026 offseason)",2026-07-21
KAN,Kansas,Big 12,Cole Ballard,backup promotion / open competition,,L,open competition (SI Low),,"Ballard 2025: 10/22, 108 yds, 1 TD, 1 INT (minimal)",Cole Ballard (promoted) | Isaiah Marshall (RS Soph) | Chase Jenkins (Rice transfer),Genuine open competition; replaces Jalon Daniels.,"Sports Illustrated (Big 12 QB projections) (https://www.si.com/college-football/projecting-every-big-12-starting-quarterback-2026-college-football-season, 2026 offseason)",2026-07-21
KSU,Kansas State,Big 12,Avery Johnson,returning starter,,H,returning starter (SI High),,"2025: 59.8% comp, 2,385 yds, 18 TD, 6 INT",Avery Johnson (returning),Returning starter; 2025 seen as a letdown.,"Sports Illustrated (Big 12 QB projections) (https://www.si.com/college-football/projecting-every-big-12-starting-quarterback-2026-college-football-season, 2026 offseason)",2026-07-21
OKST,Oklahoma State,Big 12,Drew Mestemaker,transfer,North Texas,H,projected transfer QB1 (SI High),,"UNT 2025: 68.9% comp, 4,379 yds, 34 TD, 9 INT",Drew Mestemaker (North Texas transfer),Big production at North Texas; step up in competition.,"Sports Illustrated (Big 12 QB projections) (https://www.si.com/college-football/projecting-every-big-12-starting-quarterback-2026-college-football-season, 2026 offseason)",2026-07-21
TCU,TCU,Big 12,Jaden Craig,transfer,Harvard,H,projected transfer QB1 (SI High),,"Harvard 2025: 61.5% comp, 2,869 yds, 25 TD, 7 INT",Jaden Craig (Harvard grad transfer),FCS-to-Big12 jump; replaces Josh Hoover (to Indiana).,"Sports Illustrated (Big 12 QB projections) (https://www.si.com/college-football/projecting-every-big-12-starting-quarterback-2026-college-football-season, 2026 offseason)",2026-07-21
TTU,Texas Tech,Big 12,Will Hammond,backup promotion,,L,injury-clouded (SI Low),"Hammond torn right ACL, not cleared until ~Aug 21; SI also referenced Brendan Sorsby ruled ineligible (gambling investigation)","Hammond 2025: 63.3% comp, 680 yds, 7 TD, 3 INT","Will Hammond (promoted; torn ACL) | Kirk Francis (Tulsa transfer, fallback)",ACL recovery timeline into fall; Kirk Francis fallback.,"Sports Illustrated (Big 12 QB projections) (https://www.si.com/college-football/projecting-every-big-12-starting-quarterback-2026-college-football-season, 2026 offseason)",2026-07-21
UCF,UCF,Big 12,Alonza Barnett III,transfer,James Madison,H,projected transfer QB1 (SI High),,"JMU 2025: 58.4% comp, 2,806 yds, 23 TD, 8 INT",Alonza Barnett III (James Madison transfer),Sub-60% completion to improve.,"Sports Illustrated (Big 12 QB projections) (https://www.si.com/college-football/projecting-every-big-12-starting-quarterback-2026-college-football-season, 2026 offseason)",2026-07-21
UTAH,Utah,Big 12,Devon Dampier,returning starter,,H,returning starter (SI High),,"2025: 63.5% comp, 2,490 yds, 24 TD, 5 INT",Devon Dampier (returning; New Mexico transfer in 2025),Returning dual-threat starter.,"Sports Illustrated (Big 12 QB projections) (https://www.si.com/college-football/projecting-every-big-12-starting-quarterback-2026-college-football-season, 2026 offseason)",2026-07-21
WVU,West Virginia,Big 12,Michael Hawkins Jr.,transfer / competition,Oklahoma,M,"projected leader, some competition (SI Medium)",,"OU 2025: 15/27, 167 yds, 3 TD, 0 INT (limited)",Michael Hawkins Jr. (Oklahoma transfer) | Scotty Fox Jr.,Limited Oklahoma sample; Scotty Fox Jr. competing.,"Sports Illustrated (Big 12 QB projections) (https://www.si.com/college-football/projecting-every-big-12-starting-quarterback-2026-college-football-season, 2026 offseason)",2026-07-21
BC,Boston College,ACC,Mason McKenzie,transfer,Saginaw Valley State (D-II),H,uncontested transfer QB1 (SI High),,"D-II 2025: 59.8% comp, 2,086 yds, 17 TD, 11 INT (+7 fumbles)","Mason McKenzie (D-II transfer, uncontested)",Big jump from Division II; turnovers a concern.,"Sports Illustrated (ACC QB projections, May 14 2026) (https://www.si.com/college-football/projecting-every-acc-starting-quarterback-2026-college-football-season, 2026-05-14)",2026-07-21
CAL,California,ACC,Jaron-Keawe Sagapolutele,returning starter,,H,returning starter (SI High),,"2025: 64.2% comp, 3,454 yds, 18 TD, 9 INT (as true Fr)","Jaron-Keawe Sagapolutele (returning, former 5-star)",Returning; 5th nationally in completions per game.,"Sports Illustrated (ACC QB projections, May 14 2026) (https://www.si.com/college-football/projecting-every-acc-starting-quarterback-2026-college-football-season, 2026-05-14) ; ESPN (ACC QB predictions) (https://www.on3.com/news/espn-predicts-2026-starting-qb-for-every-acc-team/, 2026-01-27)",2026-07-21
CLEM,Clemson,ACC,Christopher Vizzina,backup promotion,,H,"promoted QB1, no competition (SI High); big-game inexperience",,"2025: 63.4% comp (71 att), 406 yds, 4 TD, 1 INT; 1 start",Christopher Vizzina (backed up Cade Klubnik),Steps in for departed Cade Klubnik; limited experience.,"Sports Illustrated (ACC QB projections, May 14 2026) (https://www.si.com/college-football/projecting-every-acc-starting-quarterback-2026-college-football-season, 2026-05-14)",2026-07-21
DUKE,Duke,ACC,Walker Eget,transfer,San José State,M,projected transfer QB1 (SI Medium),,"SJSU 2025: 59.0% comp, 3,051 yds, 17 TD, 9 INT; 6-12 career",Walker Eget (SJSU transfer) | Dan Mahan (RS Fr backup),Late portal addition after Darian Mensah left for Miami.,"Sports Illustrated (ACC QB projections, May 14 2026) (https://www.si.com/college-football/projecting-every-acc-starting-quarterback-2026-college-football-season, 2026-05-14)",2026-07-21
FSU,Florida State,ACC,Ashton Daniels,transfer,Auburn,H,projected transfer QB1 (SI High),,"2025: 57.1% comp, 797 yds, 3 TD, 2 INT",Ashton Daniels (Auburn transfer) | Kevin Sperry (Soph),Third straight portal QB for Norvell; Sperry a candidate.,"Sports Illustrated (ACC QB projections, May 14 2026) (https://www.si.com/college-football/projecting-every-acc-starting-quarterback-2026-college-football-season, 2026-05-14)",2026-07-21
GT,Georgia Tech,ACC,Alberto Mendoza,transfer,Indiana,H,projected transfer QB1 (SI High),,"Indiana 2025: 18/24, 286 yds, 5 TD, 1 INT (limited)",Alberto Mendoza (Indiana transfer),Younger brother of 2026 NFL Draft No.1 pick (Fernando Mendoza).,"Sports Illustrated (ACC QB projections, May 14 2026) (https://www.si.com/college-football/projecting-every-acc-starting-quarterback-2026-college-football-season, 2026-05-14)",2026-07-21
LOU,Louisville,ACC,Lincoln Kienholz,transfer,Ohio State,H,projected transfer QB1 (SI High); little volume experience,,"OSU 2025: 11/14, 139 yds, 1 TD (backup)","Lincoln Kienholz (Ohio State transfer, rising senior)",Never attempted more than 17 passes in a game.,"Sports Illustrated (ACC QB projections, May 14 2026) (https://www.si.com/college-football/projecting-every-acc-starting-quarterback-2026-college-football-season, 2026-05-14)",2026-07-21
MIA,Miami,ACC,Darian Mensah,transfer,Duke,H,projected transfer QB1 (SI High),,"Duke 2025: 66.8% comp, 3,973 yds, 34 TD, 6 INT; 27 sacks","Darian Mensah (Duke transfer, elite 2025 production)",Led Power Four in passing yards at Duke; in-conference transfer.,"Sports Illustrated (ACC QB projections, May 14 2026) (https://www.si.com/college-football/projecting-every-acc-starting-quarterback-2026-college-football-season, 2026-05-14) ; PFF (ACC QB predictions) (https://www.pff.com/news/college-football-predicting-every-acc-teams-next-quarterback-for-the-2026-season, 2026-02-11)",2026-07-21
NCST,NC State,ACC,CJ Bailey,returning starter,,H,returning starter (SI High),,"2025: 68.8% comp, 3,105 yds, 25 TD, 9 INT",CJ Bailey (returning),One of the most accurate QBs in the conference.,"Sports Illustrated (ACC QB projections, May 14 2026) (https://www.si.com/college-football/projecting-every-acc-starting-quarterback-2026-college-football-season, 2026-05-14)",2026-07-21
UNC,North Carolina,ACC,Billy Edwards Jr.,transfer,Wisconsin,M,"projected transfer QB1, injury history (SI Medium)",PCL sprain derailed 2025 Wisconsin season,"2025: 7/16, 113 yds (injury-limited)",Billy Edwards Jr. (Wisconsin transfer) | Taron Dickens (Western Carolina transfer),Injury-shortened 2025; Dickens a candidate.,"Sports Illustrated (ACC QB projections, May 14 2026) (https://www.si.com/college-football/projecting-every-acc-starting-quarterback-2026-college-football-season, 2026-05-14)",2026-07-21
PITT,Pittsburgh,ACC,Mason Heintschel,backup promotion,,H,incumbent starter (SI High),,"2025: 63.6% comp, 2,354 yds, 16 TD, 8 INT",Mason Heintschel (won job as true Fr midway through 2025),Took over from Eli Holstein 4 games into 2025; won 5 straight.,"Sports Illustrated (ACC QB projections, May 14 2026) (https://www.si.com/college-football/projecting-every-acc-starting-quarterback-2026-college-football-season, 2026-05-14)",2026-07-21
SMU,SMU,ACC,Kevin Jennings,returning starter,,H,established returning starter (SI High),,"2025: 66.1% comp, 3,641 yds, 26 TD, 13 INT","Kevin Jennings (returning, 3rd year as starter)",Led league in INTs; rushing dropped sharply from 2024.,"Sports Illustrated (ACC QB projections, May 14 2026) (https://www.si.com/college-football/projecting-every-acc-starting-quarterback-2026-college-football-season, 2026-05-14) ; PFF (https://www.pff.com/news/college-football-predicting-every-acc-teams-next-quarterback-for-the-2026-season, 2026-02-11)",2026-07-21
STAN,Stanford,ACC,Davis Warren,transfer / open competition,Michigan,L,open + injury (SI Low),"Torn ACL; last game action Dec 31, 2024",limited; more career INTs than TDs,"Davis Warren (Michigan transfer, medical redshirt) | Dylan Rizk | Mike Mitchell Jr. (Fr)",New HC Tavita Pritchard; genuinely open with injury question.,"Sports Illustrated (ACC QB projections, May 14 2026) (https://www.si.com/college-football/projecting-every-acc-starting-quarterback-2026-college-football-season, 2026-05-14)",2026-07-21
SYR,Syracuse,ACC,Steve Angeli,transfer / open competition,Notre Dame,L,open + injury recovery (SI Low),Torn Achilles late September 2025,"2025: 62.8% comp, 1,317 yds, 10 TD, 2 INT",Steve Angeli (Notre Dame transfer) | Amari Odom (Kennesaw State transfer),Recovering from Achilles; Odom competing.,"Sports Illustrated (ACC QB projections, May 14 2026) (https://www.si.com/college-football/projecting-every-acc-starting-quarterback-2026-college-football-season, 2026-05-14)",2026-07-21
UVA,Virginia,ACC,Beau Pribula,transfer,Missouri,M,"projected transfer QB1, injury history (SI Medium)",Dislocated ankle late October 2025,"2025: 67.4% comp, 1,941 yds, 11 TD, 9 INT",Beau Pribula (Missouri transfer) | Eli Holstein (Pitt transfer),Holstein (from Pitt) a candidate.,"Sports Illustrated (ACC QB projections, May 14 2026) (https://www.si.com/college-football/projecting-every-acc-starting-quarterback-2026-college-football-season, 2026-05-14)",2026-07-21
VT,Virginia Tech,ACC,Ethan Grunkemeyer,transfer,Penn State,H,projected transfer QB1 (SI High),,"PSU 2025: 69.1% comp, 1,339 yds, 8 TD, 4 INT; final 4 games 4-0, 73.8%, 6 TD 0 INT",Ethan Grunkemeyer (Penn State transfer),Strong late-2025 run at Penn State.,"Sports Illustrated (ACC QB projections, May 14 2026) (https://www.si.com/college-football/projecting-every-acc-starting-quarterback-2026-college-football-season, 2026-05-14)",2026-07-21
WAKE,Wake Forest,ACC,Gio Lopez,transfer,North Carolina,M,projected transfer QB1 (SI Medium),,"2025: 65.1% comp, 1,747 yds, 10 TD, 5 INT",Gio Lopez (UNC transfer),Reunites with former South Alabama OC Rob Ezell; struggled at UNC.,"Sports Illustrated (ACC QB projections, May 14 2026) (https://www.si.com/college-football/projecting-every-acc-starting-quarterback-2026-college-football-season, 2026-05-14)",2026-07-21
BSU,Boise State,Pac-12,Maddux Madsen,returning starter,,H,established returning starter,,Boise State 2025 starter,Maddux Madsen (returning; 3rd year as starter),"5th-year, established returning starter (Boise in rebuilt Pac-12).","Athlon/ESPN/CBS Pac-12 2026 previews (https://www.espn.com/college-football/story/_/id/48892618/2026-college-football-pac-12-conference-preview-predictions-transfers-more, 2026 offseason)",2026-07-21
CSU,Colorado State,Pac-12,Hauss Hejny,transfer / competition,Oklahoma State (also TCU),L,open competition,,transfers,Hauss Hejny (Oklahoma State/TCU transfer) | Ksaan Farrar (UConn RS Fr transfer),New HC Jim Mora; two-way transfer battle.,"Athlon/ESPN/CBS Pac-12 2026 previews (https://www.espn.com/college-football/story/_/id/48892618/2026-college-football-pac-12-conference-preview-predictions-transfers-more, 2026 offseason)",2026-07-21
FRES,Fresno State,Pac-12,Khristian Martin,transfer / competition,Maryland,L,open competition,,transfer/returnee,Khristian Martin (Maryland transfer) | Jayden Mandal (returnee),Replacing Carson Conklin (to Sac State); competition.,"Athlon/ESPN/CBS Pac-12 2026 previews (https://www.espn.com/college-football/story/_/id/48892618/2026-college-football-pac-12-conference-preview-predictions-transfers-more, 2026 offseason)",2026-07-21
ORST,Oregon State,Pac-12,Maalik Murphy,returning / competition,,L,open competition (Murphy leads),,OSU 2025 starter,Maalik Murphy (incumbent) | Brady Atkinson (Mercer transfer) | Brady Jones (Western Michigan transfer),Murphy incumbent but real competition from two transfers.,"Athlon/ESPN/CBS Pac-12 2026 previews (https://www.espn.com/college-football/story/_/id/48892618/2026-college-football-pac-12-conference-preview-predictions-transfers-more, 2026 offseason)",2026-07-21
SDSU,San Diego State,Pac-12,Jayden Denegal,returning starter,,H,returning starter,,SDSU 2025 starter,Jayden Denegal (returning),Returning starter.,"Athlon/ESPN/CBS Pac-12 2026 previews (https://www.espn.com/college-football/story/_/id/48892618/2026-college-football-pac-12-conference-preview-predictions-transfers-more, 2026 offseason)",2026-07-21
TXST,Texas State,Pac-12,Brad Jackson,returning starter,,M,projected returning starter,,Emerged at Texas State in 2025,Brad Jackson (emerged as starter late 2025 under GJ Kinne),Texas State in rebuilt Pac-12 for 2026; Jackson the established starter.,"CBS Sports Pac-12 relaunch / Athlon (https://www.cbssports.com/college-football/news/pac-12-relaunch-2026-contenders-teams-to-watch/, 2026 offseason)",2026-07-21
USU,Utah State,Pac-12,McCae Hillstead,transfer (returnee),BYU,M,projected starter,,BYU (prior),McCae Hillstead (back at Utah State after 2 years at BYU),Returned to Utah State; projected to earn the job.,"Athlon/ESPN/CBS Pac-12 2026 previews (https://www.espn.com/college-football/story/_/id/48892618/2026-college-football-pac-12-conference-preview-predictions-transfers-more, 2026 offseason)",2026-07-21
WSU,Washington State,Pac-12,Caden Pinnick,transfer,UC Davis,M,projected transfer QB1,,"UC Davis (FCS, prior)",Caden Pinnick (UC Davis transfer; Big Sky Freshman of the Year),New QB1 via portal.,"Athlon/ESPN Pac-12 (https://athlonsports.com/college-football/pac-12-football-2026-predictions, 2026 offseason)",2026-07-21
ARMY,Army,American,Cale Hellums,returning starter,,H,returning starter,,Started 10 games 2025 (option offense); won Fenway Bowl,Cale Hellums (returning; 10 starts 2025),Option offense; established starter.,"Underdog Dynasty/Yahoo (American 2026 QB projections) (https://sports.yahoo.com/articles/projecting-14-american-starting-qbs-150000080.html, 2026 offseason)",2026-07-21
CLT,Charlotte,American,Grayson Loftis,returning starter,,H,returning starter,,"2025: 1,415 yds, 8 TD, 8 INT (ex-Duke)",Grayson Loftis (returning; 7 of last 8 starts 2025),Returning starter; prior Duke experience.,"Underdog Dynasty/Yahoo (American 2026 QB projections) (https://sports.yahoo.com/articles/projecting-14-american-starting-qbs-150000080.html, 2026 offseason)",2026-07-21
ECU,East Carolina,American,Chaston Ditta,backup promotion,,M,projected promoted starter,,Started 2025 Military Bowl,Chaston Ditta (QB2 promoted; started 2025 Military Bowl),Replaces Katin Houser (to Illinois).,"Underdog Dynasty/Yahoo (American 2026 QB projections) (https://sports.yahoo.com/articles/projecting-14-american-starting-qbs-150000080.html, 2026 offseason)",2026-07-21
FAU,Florida Atlantic,American,Caden Veltkamp,returning starter,Western Kentucky (2025 transfer),M,projected starter,,FAU 2025 starter (WKU transfer),Caden Veltkamp (returning FAU starter),Projected FAU starter per American projections.,"Underdog Dynasty/Yahoo (American 2026 QB projections) (https://sports.yahoo.com/articles/projecting-14-american-starting-qbs-150000080.html, 2026 offseason)",2026-07-21
MEM,Memphis,American,Marcus Stokes,transfer / competition,West Florida,L,open competition,,Portal pickup from West Florida,"Marcus Stokes (West Florida transfer) | Noland (competition) | Denzel Gardner (Southern Miss transfer, backup)",Stokes vs Noland for QB1; Southern Miss transfers followed coach Huff.,"Underdog Dynasty/Yahoo (American 2026 QB projections) (https://sports.yahoo.com/articles/projecting-14-american-starting-qbs-150000080.html, 2026 offseason)",2026-07-21
NAVY,Navy,American,Braxton Woodson,backup promotion,,M,projected promoted starter (option offense),,Some starts 2023-25,Braxton Woodson (3 career starts 2023-25 incl. Notre Dame),Replaces Blake Horvath; option offense.,"Underdog Dynasty/Yahoo (American 2026 QB projections) (https://sports.yahoo.com/articles/projecting-14-american-starting-qbs-150000080.html, 2026 offseason) ; Underdog Dynasty Navy preview (https://www.underdogdynasty.com/american-conference/43603/2026-american-preseason-previews-navy-midshipmen, 2026 offseason)",2026-07-21
UNT,North Texas,American,Tayven Jackson,transfer,"UCF (also Tennessee, Indiana)",M,projected transfer QB1,,"Prior stops: Tennessee, Indiana, UCF","Tayven Jackson (transfer, joined Jan 10 2026)",Verified transfer to North Texas Jan 10 2026; replaces Drew Mestemaker (to Oklahoma State).,"Wikipedia/247/ESPN roster (Tayven Jackson to UNT) (https://en.wikipedia.org/wiki/Tayven_Jackson, 2026-01)",2026-07-21
RICE,Rice,American,Jacurri Brown,transfer (prev school to confirm),,M,projected starter (prev school to confirm),,partial,Jacurri Brown (projected),Projected Rice QB per American projections; prior school flagged to confirm.,"Underdog Dynasty/Yahoo (American 2026 QB projections) (https://sports.yahoo.com/articles/projecting-14-american-starting-qbs-150000080.html, 2026 offseason)",2026-07-21
USF,South Florida,American,OPEN (Kromenhoek / Van Buren Jr. / Cooper),open transfer competition,multiple (see candidates),L,3-way open battle,,transfers,Luke Kromenhoek (FSU/Mississippi State) | Michael Van Buren Jr. (Mississippi State/LSU) | KJ Cooper (Texas Southern),"Byrum Brown left for Auburn; genuine 3-QB battle, no named leader.","Yahoo (USF lands portal QB) / Green Gold & Bold (https://sports.yahoo.com/articles/usf-lands-quarterback-transfer-portal-132621762.html, 2026 offseason)",2026-07-21
TEM,Temple,American,Jaxon Smolik,returning starter,Dayton (prior),M,projected starter,,Temple 2025,Jaxon Smolik (returning),Listed atop Temple QB roster per American projections.,"Underdog Dynasty/Yahoo (American 2026 QB projections) (https://sports.yahoo.com/articles/projecting-14-american-starting-qbs-150000080.html, 2026 offseason)",2026-07-21
TULN,Tulane,American,Kadin Semonza,transfer / competition,Ball State,L,open competition,,transfers,Kadin Semonza (Ball State transfer) | Zeon Chriss-Gremillion (Houston/Louisiana) | Dagan Bruno (RS Soph),Tulane landed 4 portal QBs; only Semonza remains among the marquee names; open battle.,"Underdog Dynasty/Yahoo (American 2026 QB projections) (https://sports.yahoo.com/articles/projecting-14-american-starting-qbs-150000080.html, 2026 offseason)",2026-07-21
TLSA,Tulsa,American,Baylor Hayes,projected starter (status to confirm),,M,projected starter,,partial,Baylor Hayes (projected),Projected Tulsa QB per American projections.,"Underdog Dynasty/Yahoo (American 2026 QB projections) (https://sports.yahoo.com/articles/projecting-14-american-starting-qbs-150000080.html, 2026 offseason)",2026-07-21
UAB,UAB,American,Ryder Burton,returning starter,,H,returning starter,,Quality mid-2025 reps; beat ranked Memphis,"Ryder Burton (returning; mid-2025 reps, upset Memphis)",Represented UAB at American media days as QB.,"Underdog Dynasty/Yahoo (American 2026 QB projections) (https://sports.yahoo.com/articles/projecting-14-american-starting-qbs-150000080.html, 2026 offseason) ; UAB Athletics (media days) (https://uabsports.com/news/2026/7/14/football-mortensen-burton-esonwune-to-represent-uab-at-american-kickoff, 2026-07-14)",2026-07-21
UTSA,UTSA,American,Owen McCown,returning starter,,H,established returning starter,,Multi-year starter; 3 program bowl wins,Owen McCown (returning; 3rd-year starter),Established returning starter.,"Underdog Dynasty/Yahoo (American 2026 QB projections) (https://sports.yahoo.com/articles/projecting-14-american-starting-qbs-150000080.html, 2026 offseason)",2026-07-21
DEL,Delaware,Conference USA,Nick Minicucci,returning starter,,H,returning starter,,Returning conference-level starter,Nick Minicucci (returning star),Delaware in FBS/C-USA for 2026; returning star.,"Underdog Dynasty (C-USA 2026 QB projections) (https://www.underdogdynasty.com/conference-usa/43406/projecting-cusa-conference-usa-starting-qb-quarterbacks-2026-football, 2026 offseason)",2026-07-21
FIU,FIU,Conference USA,JJ Kohl,transfer,Appalachian State,M,projected transfer QB1,,App State (prior),JJ Kohl (App State transfer),New starter via portal.,"Underdog Dynasty (C-USA 2026 QB projections) (https://www.underdogdynasty.com/conference-usa/43406/projecting-cusa-conference-usa-starting-qb-quarterbacks-2026-football, 2026 offseason)",2026-07-21
JVST,Jacksonville State,Conference USA,Caden Creel,returning starter,,H,returning starter,,Returning conference star,Caden Creel (returning star),Returning starter.,"Underdog Dynasty (C-USA 2026 QB projections) (https://www.underdogdynasty.com/conference-usa/43406/projecting-cusa-conference-usa-starting-qb-quarterbacks-2026-football, 2026 offseason)",2026-07-21
KENN,Kennesaw State,Conference USA,Rickie Collins,transfer,Syracuse,M,projected transfer QB1,,Syracuse (prior),Rickie Collins (Syracuse transfer),Defending C-USA champ gets new QB via portal.,"Underdog Dynasty (C-USA 2026 QB projections) (https://www.underdogdynasty.com/conference-usa/43406/projecting-cusa-conference-usa-starting-qb-quarterbacks-2026-football, 2026 offseason) ; ESPN (C-USA 2026 preview) (https://www.espn.com/college-football/story/_/id/48703296/2026-conference-usa-college-football-preview-season-predictions, 2026 offseason)",2026-07-21
LIB,Liberty,Conference USA,Ethan Vasko,returning starter / open competition,,L,3-way open competition,,Vasko started 10 of 12 in 2025,Ethan Vasko (incumbent; 10 of 12 starts 2025) | two additional QBs with 5+ FBS starts,Three QBs each with 5+ FBS starts; genuinely unresolved.,"Underdog Dynasty (C-USA 2026 QB projections) (https://www.underdogdynasty.com/conference-usa/43406/projecting-cusa-conference-usa-starting-qb-quarterbacks-2026-football, 2026 offseason)",2026-07-21
MTSU,Middle Tennessee,Conference USA,Roman Gagliano,new starter (familiar with team),,M,projected starter,,partial,Roman Gagliano,"New starter, familiar with the team.","Underdog Dynasty (C-USA 2026 QB projections) (https://www.underdogdynasty.com/conference-usa/43406/projecting-cusa-conference-usa-starting-qb-quarterbacks-2026-football, 2026 offseason)",2026-07-21
MOST,Missouri State,Conference USA,Open competition,open competition,,L,open competition (no named leader),,,TBD (open battle under new HC Casey Woods),"New HC Casey Woods; QB battle, no named starter. Missouri State in FBS/C-USA for 2026.","Underdog Dynasty (C-USA 2026 QB projections) (https://www.underdogdynasty.com/conference-usa/43406/projecting-cusa-conference-usa-starting-qb-quarterbacks-2026-football, 2026 offseason) ; ESPN (C-USA 2026 preview) (https://www.espn.com/college-football/story/_/id/48703296/2026-conference-usa-college-football-preview-season-predictions, 2026 offseason)",2026-07-21
NMSU,New Mexico State,Conference USA,Open competition,open competition,,L,open competition (no named leader),,,TBD (rebuild; QB competition),"Program rebuild; QB competition, no named starter.","Underdog Dynasty (C-USA 2026 QB projections) (https://www.underdogdynasty.com/conference-usa/43406/projecting-cusa-conference-usa-starting-qb-quarterbacks-2026-football, 2026 offseason) ; ESPN (C-USA 2026 preview) (https://www.espn.com/college-football/story/_/id/48703296/2026-conference-usa-college-football-preview-season-predictions, 2026 offseason)",2026-07-21
SHSU,Sam Houston,Conference USA,Landyn Locke,projected starter,,M,projected starter,,partial,Landyn Locke,Projected Sam Houston starter.,"Underdog Dynasty (C-USA 2026 QB projections) (https://www.underdogdynasty.com/conference-usa/43406/projecting-cusa-conference-usa-starting-qb-quarterbacks-2026-football, 2026 offseason)",2026-07-21
WKU,Western Kentucky,Conference USA,Rodney Tisdale Jr.,returning starter,,M,projected returning starter,,WKU 2025,Rodney Tisdale Jr. (returning),Projected WKU starter.,"Underdog Dynasty (C-USA 2026 QB projections) (https://www.underdogdynasty.com/conference-usa/43406/projecting-cusa-conference-usa-starting-qb-quarterbacks-2026-football, 2026 offseason)",2026-07-21
AKR,Akron,MAC,Ben Finley,returning starter,"NC State (prior, 2024 transfer)",M,projected returning starter,,Akron starter 2024-25,Ben Finley (veteran) | Tahj Bullock,Veteran; Bullock also saw time.,"ESPN/247 Ben Finley (Akron) (https://www.espn.com/college-football/player/_/id/4431091/ben-finley, 2026 offseason)",2026-07-21
BALL,Ball State,MAC,Keldric Luster,transfer / competition,Texas State,L,open competition,,transfers,"Keldric Luster (Texas State transfer, dual-threat) | Tyler Mizzell (Concord D-II transfer, pass-first)",Two portal QBs to battle; both expected to play.,"College Football News / Hustle Belt (https://collegefootballnews.com/college-football/ball-state-football-preview-2026, 2026 offseason)",2026-07-21
BGSU,Bowling Green,MAC,Austin Novosad,transfer,Oregon,M,projected transfer QB1,,"Oregon (backup, prior)","Austin Novosad (Oregon transfer, former 4-star)",New starter via portal.,"Hustle Belt / Toledo Blade (https://www.hustlebelt.com/bgsu-falcons/44436/who-is-bowling-greens-new-qb-from-oregon-three-fast-facts-about-austin-novosad, 2026 offseason)",2026-07-21
BUFF,Buffalo,MAC,Open (Elijah Holmes / CJ Ogbonna),open competition,Elijah Holmes: Division II,L,3-way open competition,,transfers/backups,Elijah Holmes (D-II transfer) | CJ Ogbonna | (3-way to replace Ta'Quan Roberson),Replacing Ta'Quan Roberson; no named leader.,"Black Shoe Diaries / ESPN roster (https://www.blackshoediaries.com/penn-state-football/87803/2026-opponent-snapshot-buffalo-bulls, 2026 offseason)",2026-07-21
CMU,Central Michigan,MAC,Open (Flores / Beamon / Glasser),open competition,,L,"open competition (platooned 2025, no clear starter)",,trio platooned 2025,Angel Flores (Sr) | Marcus Beamon (Sr) | Jadyn Glasser (RS Fr),Multiple returnees who played in 2025; no clear starter.,"Mitten Football (https://mitten-football.ghost.io/the-good-problem-for-central-michigan-at-qb-and-what-to-expect-come-fall/, 2026 offseason)",2026-07-21
EMU,Eastern Michigan,MAC,Noah Kim,returning starter,,H,established returning starter,NCAA granted extra (6th) year of eligibility for 2026,"2025: MAC-leading 2,817 pass yds, 18 TD; started all 12",Noah Kim (returning; extra eligibility granted),MAC's premier passer; eligibility waiver approved Jan 2026.,"EMU Athletics / Detroit News (https://emueagles.com/news/2026/1/7/football-kim-granted-extra-year-of-eligibility-set-to-return-for-2026-season, 2026-01-07)",2026-07-21
KENT,Kent State,MAC,Dru DeShields,returning starter,,H,returning starter,,"2025: 2,030 yds, 18 TD, 3 INT (first year as starter)",Dru DeShields (returning),Returning starter.,"Wikipedia 2026 Kent State / 247 (https://en.wikipedia.org/wiki/2026_Kent_State_Golden_Flashes_football_team, 2026 offseason)",2026-07-21
M-OH,Miami (OH),MAC,Thomas Gotkowski,backup promotion / competition,,L,unsettled competition (Gotkowski leads),,"Started late 2025, reached MAC Championship",Thomas Gotkowski (incumbent; led team to 2025 MAC title game) | David McComb | Caleb Heavner,"Gotkowski rose from 3rd string in 2025; competition vs McComb, Heavner.","The Miami Student (https://www.miamistudent.net/article/2025/12/this-will-be-another-game-for-him-gotkowski-stepped-up-as-miami-s-starting-quarterback-to-send-redhawks-to-mac-championship, 2025-12)",2026-07-21
OHIO,Ohio,MAC,Open competition,open competition,,L,open competition (no named leader),,,3 returning backups (all on 2025 roster); starter not named,Lost Parker Navarro (graduated); returning backups compete.,"RotoWire MAC spring / Ohio Athletics (https://www.rotowire.com/cfootball/article/spring-practice-storylines-mid-american-conference-106501, 2026 offseason)",2026-07-21
SAC,Sacramento State,MAC,Carson Conklin,transfer (returnee),Fresno State (2025),M,projected starter,,At Fresno State in 2025,Carson Conklin (Jr; returned to Sac State after 2025 at Fresno State),"Sac State's first FBS year (MAC), HC Alonzo Carter; Conklin returned to program.","The State Hornet / CFN Sac State preview (https://statehornet.com/2026/04/sac-state-football-mid-american-conference-fbs-alonzo-carter/, 2026-04)",2026-07-21
TOL,Toledo,MAC,John Alan Richter,projected starter,,M,projected starter,,partial,John Alan Richter,Projected Toledo starter.,"Athlon/ESPN/RotoWire MAC 2026 previews (https://athlonsports.com/college-football/mac-football-2026-predictions, 2026 offseason)",2026-07-21
MASS,UMass,MAC,William 'Pop' Watson,transfer,Virginia Tech,M,projected transfer QB1,,Virginia Tech (prior),"Pop Watson (Virginia Tech transfer, most-likely starter)",UMass in MAC for 2026; Watson transferred in Jan 2026.,"Daily Hampshire Gazette (https://gazettenet.com/2026/01/12/umass-football-snag-virginia-tech-qb-pop-watson-in-transfer-portal/, 2026-01-12)",2026-07-21
WMU,Western Michigan,MAC,Broc Lowry,returning (Soph),,M,projected starter,,partial,Broc Lowry (Soph),Projected WMU starter.,"Athlon/ESPN/RotoWire MAC 2026 previews (https://athlonsports.com/college-football/mac-football-2026-predictions, 2026 offseason)",2026-07-21
AFA,Air Force,Mountain West,Liam Szarka,returning starter,,H,returning starter (option offense),,Air Force 2025,Liam Szarka (returning),Option offense; returning starter.,"Athlon/ESPN/Nevada Sports Net MW 2026 previews (https://www.espn.com/college-football/story/_/id/48873639/2026-college-football-mountain-west-conference-preview-predictions, 2026 offseason)",2026-07-21
HAW,Hawaii,Mountain West,Micah Alejado,returning starter,,H,returning starter,,Hawaii 2025 starter,Micah Alejado (returning),Returning starter.,"Athlon/ESPN/Nevada Sports Net MW 2026 previews (https://www.espn.com/college-football/story/_/id/48873639/2026-college-football-mountain-west-conference-preview-predictions, 2026 offseason)",2026-07-21
NEV,Nevada,Mountain West,Carter Jones,competition,,L,open competition,,partial,Carter Jones | Luke Duncan (UCLA transfer),Jones vs UCLA transfer Duncan; unresolved.,"Athlon/ESPN/Nevada Sports Net MW 2026 previews (https://www.espn.com/college-football/story/_/id/48873639/2026-college-football-mountain-west-conference-preview-predictions, 2026 offseason)",2026-07-21
UNM,New Mexico,Mountain West,Jack Layne,returning starter,,H,returning starter,,New Mexico 2025 starter,Jack Layne (returning),Returning starter under HC Jason Eck.,"Athlon/ESPN/Nevada Sports Net MW 2026 previews (https://www.espn.com/college-football/story/_/id/48873639/2026-college-football-mountain-west-conference-preview-predictions, 2026 offseason)",2026-07-21
NDSU,North Dakota State,Mountain West,Nathan Hayes,first-time starter (returning backup),,M,"named projected starter, no game experience",,No prior college starts,Nathan Hayes (Jr; first career start Aug 29 2026),NDSU's first FBS year (Mountain West); Hayes named projected starter after years as backup.,"Shaw Local / CFN NDSU preview (https://www.shawlocal.com/friday-night-drive/2026/07/20/after-5-years-of-waiting-north-dakota-state-quarterback-st-charles-east-grad-nathan-hayes-gets-his-moment/, 2026-07-20)",2026-07-21
NIU,Northern Illinois,Mountain West,Open (Davidson / Macon / Hamric),open competition,Ean Hamric: Charleston,L,open competition,,returnees + transfer,Brady Davidson | Jalen Macon | Ean Hamric (Charleston transfer),NIU in Mountain West for 2026; 3-way battle.,"Athlon/ESPN/Nevada Sports Net MW 2026 previews (https://www.espn.com/college-football/story/_/id/48873639/2026-college-football-mountain-west-conference-preview-predictions, 2026 offseason)",2026-07-21
SJSU,San Jose State,Mountain West,Luke Weaver,transfer / competition,Hawaii,L,open competition,,Hawaii (prior),"Luke Weaver (Hawaii transfer, RS senior) | Daniel Rolovich (Fr)",Replacing Walker Eget (to Duke); three Spartans battling.,"Spartan Media Group / Duke Chronicle (https://spartanmediagroup.net/9716/sports/three-spartans-battle-for-starting-quarterback/, 2026 offseason)",2026-07-21
UNLV,UNLV,Mountain West,Jackson Arnold,transfer,Auburn (also Oklahoma),M,projected transfer QB1 (verified),,Auburn 2025 (17 total starts OU+AUB),Jackson Arnold (Auburn transfer; former 5-star; 17 career starts),Verified transfer to UNLV; Preseason All-MW 2nd team; replaces Anthony Colandrea (to Nebraska).,"ESPN (Arnold to UNLV) (https://www.espn.com/college-football/story/_/id/47539823/qb-jackson-arnold-headed-unlv-third-team-three-seasons, 2026 offseason) ; CBS Sports (https://www.cbssports.com/college-football/news/jackson-arnold-unlv-five-star-qb-starts-fresh-2026/, 2026 offseason)",2026-07-21
UTEP,UTEP,Mountain West,EJ Colson,transfer,Incarnate Word (also UCF),M,projected transfer QB1,,Incarnate Word (prior),"EJ Colson (Incarnate Word transfer, former UCF)",UTEP joined Mountain West for 2026; new QB via portal.,"Wikipedia 2026 UTEP / Athlon (https://en.wikipedia.org/wiki/2026_UTEP_Miners_football_team, 2026 offseason)",2026-07-21
WYO,Wyoming,Mountain West,Tyler Hughes,transfer,William & Mary,M,projected transfer QB1,,William & Mary (prior),Tyler Hughes (William & Mary transfer),New starter via portal.,"Athlon/ESPN/Nevada Sports Net MW 2026 previews (https://www.espn.com/college-football/story/_/id/48873639/2026-college-football-mountain-west-conference-preview-predictions, 2026 offseason)",2026-07-21
APP,Appalachian State,Sun Belt,Malachi Singleton,transfer,Purdue (also Arkansas),M,projected transfer QB1,,Purdue (prior),Malachi Singleton (Purdue transfer),New QB via portal; only transfer speaking at media days.,"ESPN/Athlon Sun Belt 2026 previews (https://www.espn.com/college-football/story/_/id/48759931/2026-sun-belt-conference-college-football-preview-predictions-every-team, 2026 offseason)",2026-07-21
ARST,Arkansas State,Sun Belt,Open (Owens / Dickey / St. Hilare / Haly),open competition,multiple (see candidates),L,open 4-way competition,,transfers,Trey Owens (Texas) | Drew Dickey (Vanderbilt) | Jeremy St. Hilare (Vanderbilt) | Jaden Haly (Sacred Heart),HC: 'four real capable players'; replaces Jaylen Raynor (to Iowa State).,"College Football News Arkansas State preview (https://collegefootballnews.com/college-football/arkansas-state-football-preview-2026, 2026 offseason)",2026-07-21
CCU,Coastal Carolina,Sun Belt,Open (Jackson / Guerra / Bailey / Lopez),open competition,multiple (see candidates),L,"entirely new QB room, undecided",,all five 2025 QBs left,Trever Jackson (Arkansas transfer) | Tre Guerra (Tyler JC) | Deuce Bailey (Missouri State transfer) | Osiris Lopez (Fr),New HC Ryan Beard; QB decided by Sept 5 opener.,"Coastal Carolina Athletics / Yahoo (https://goccusports.com/news/2026/7/9/ryan-beard-previews-fall-camp-coastal-carolina-football-2026, 2026-07-09)",2026-07-21
GASO,Georgia Southern,Sun Belt,Open (Weston Bryan / Turner Helton),open competition,,L,open competition,,"Bryan: 7/9, 84 yds, 3 pass TD, 111 rush, 3 rush TD; Helton: 14/26, 74 yds, 1 TD",Weston Bryan (played all 13 games 2025 as run threat) | Turner Helton (HC's son),Replaces JC French IV (to Cincinnati); two backups compete.,"ESPN/Athlon Sun Belt 2026 previews (https://www.espn.com/college-football/story/_/id/48759931/2026-sun-belt-conference-college-football-preview-predictions-every-team, 2026 offseason)",2026-07-21
GAST,Georgia State,Sun Belt,Cameran Brown,returning starter,,H,returning starter,,"2025: 1,296 yds, 13 TD (120 comp)",Cameran Brown (returning),Returning starter.,"Georgia State Athletics / 247 (https://georgiastatesports.com/sports/football/roster/cameran-brown/8387, 2026 offseason)",2026-07-21
JMU,James Madison,Sun Belt,Arrington Maiden,transfer / competition,Memphis,M,projected transfer QB1 (some competition),,Memphis (prior),Arrington Maiden (Memphis transfer),Reloads via portal after Alonza Barnett III left (to UCF).,"Underdog Dynasty JMU (https://www.underdogdynasty.com/sun-belt-conference/42407/james-madison-reloads-at-qb-with-memphis-transfer-arrington-maiden, 2026 offseason)",2026-07-21
ULL,Louisiana,Sun Belt,Lunch Winfield,returning starter,,H,returning starter (locked in),,Strong sophomore season,Lunch Winfield (returning; locked in after strong Soph year),Named starter; Walker Howard transferred back to Ole Miss.,"Louisiana Athletics / ESPN (https://ragincajuns.com/sports/football/roster/walker-howard/10140, 2026 offseason)",2026-07-21
LT,Louisiana Tech,Sun Belt,Blake Baker,returning starter,,H,HC-named starter,,LA Tech 2025,Blake Baker (HC-named over Trey Kukuk),HC Sonny Cumbie named Baker the starter; LA Tech in Sun Belt for 2026.,"Ruston Daily Leader (https://www.rustonleader.com/sports/baker-enters-2026-season-techs-starting-qb, 2026 offseason)",2026-07-21
MRSH,Marshall,Sun Belt,Carlos Del Rio-Wilson,returning starter,,H,returning starter,,"2025: 2,043 pass yds, 714 non-sack rush yds, 10 starts",Carlos Del Rio-Wilson (returning),Returning dual-threat starter.,"ESPN/Athlon Sun Belt 2026 previews (https://www.espn.com/college-football/story/_/id/48759931/2026-sun-belt-conference-college-football-preview-predictions-every-team, 2026 offseason)",2026-07-21
ODU,Old Dominion,Sun Belt,Quinn Henicle,backup promotion,,M,projected starter,,"2 starts (both wins), dual-threat","Quinn Henicle (expected QB1; 2 starts, both wins)",Replaces Colton Joseph (to Wisconsin).,"ESPN/Athlon Sun Belt 2026 previews (https://www.espn.com/college-football/story/_/id/48759931/2026-sun-belt-conference-college-football-preview-predictions-every-team, 2026 offseason)",2026-07-21
USA,South Alabama,Sun Belt,Bishop Davenport,returning starter,,H,returning starter,,"2025: 68% comp, 2,072 yds, 12 TD, 6 INT; 326 rush, 9 rush TD",Bishop Davenport (returning; all 12 starts 2025),RS senior returning starter.,"South Alabama Athletics / ESPN (https://usajaguars.com/sports/football/roster/bishop-davenport/13011, 2026 offseason)",2026-07-21
USM,Southern Miss,Sun Belt,Open (White / Hampton / Lyddy),open competition,Ethan Hampton: Illinois,L,3-man open battle,,transfers/returnees,John White (RS Soph) | Ethan Hampton (Illinois transfer) | Landry Lyddy,New starter; genuine 3-way competition.,"SI Southern Miss (https://www.si.com/college/southernmiss/from-fourth-string-to-qb1-john-white-turning-heads-at-southern-miss-spring-practice, 2026 offseason)",2026-07-21
TROY,Troy,Sun Belt,Goose Crowder,returning starter,,H,returning starter,,Troy 2025 starter,Goose Crowder (returning senior),Senior returning starter under new play-caller Adam Austin.,"ESPN Goose Crowder / Athlon (https://www.espn.com/college-football/player/_/id/4431633/goose-crowder, 2026 offseason)",2026-07-21
ULM,Louisiana-Monroe,Sun Belt,Aidan Armenta,returning starter,,H,returning starter,,ULM 2025 starter,Aidan Armenta (returning),Returning starter.,"ESPN/Athlon Sun Belt 2026 previews (https://www.espn.com/college-football/story/_/id/48759931/2026-sun-belt-conference-college-football-preview-predictions-every-team, 2026 offseason)",2026-07-21
ND,Notre Dame,Independent,CJ Carr,returning starter,,H,established returning starter,,Won job as 2025 opener starter; strong first year,CJ Carr (returning),Returning starter; among top QBs nationally.,"SI / ESPN (CJ Carr Notre Dame) (https://www.si.com/fannation/college/cfb-hq/news/college-football-top-25-most-important-players-2026-no-13-qb-cj-carr-notre-dame, 2026 offseason)",2026-07-21
CONN,UConn,Independent,Tucker McDonald,backup promotion,,M,projected starter,,Backup 2025,Tucker McDonald (returning; institutional knowledge),"Replaces Joe Fagnano (exhausted eligibility after All-American 2025: 69%, 3,441 yds, 28 TD, 1 INT).","SI UConn (Tucker McDonald returns) (https://www.si.com/college/uconn/football/uconn-huskies-tucker-mcdonald-confirms-return-another-season, 2026 offseason)",2026-07-21
