sheet,cell,row,column,column_letter,context,live_value,authoritative_value,expected_action,classification
CHANGELOG,A87,87,1,A,live-authored changelog history rows,v0.8.3,,HOLD - ruling required,LIVE-ONLY DATA
CHANGELOG,B87,87,2,B,live-authored changelog history rows,2026-08-19,,HOLD - ruling required,LIVE-ONLY DATA
CHANGELOG,C87,87,3,C,live-authored changelog history rows,"GO-LIVE: replaced the Phase 2 zero-market-row invariant with the validated operational MARKET LINES invariant; loaded eight Week 0 Circa spreads/totals from the owner-supplied OddsLogic screenshot captured 2026-08-18 11:10 PM ET; set Current week = 0 and As-of date = 2026-08-18. All eight rows resolve with no flags or duplicates. BET remains N; totals model remains unavailable; no rating, QB value, adjustment, or model formula changed.",,HOLD - ruling required,LIVE-ONLY DATA
CHANGELOG,D87,87,4,D,live-authored changelog history rows,Owner-supplied market screenshot; v0.8.3 repo guardrail commit 05b8a52,,HOLD - ruling required,LIVE-ONLY DATA
CHANGELOG,A88,88,1,A,live-authored changelog history rows,v0.8.3,,HOLD - ruling required,LIVE-ONLY DATA
CHANGELOG,B88,88,2,B,live-authored changelog history rows,2026-08-19,,HOLD - ruling required,LIVE-ONLY DATA
CHANGELOG,C88,88,3,C,live-authored changelog history rows,"QB ACTIVATION — UNC: Billy Edwards Jr. promoted from an open competition to the named starter for the 2026-08-29 TCU opener. QB VALUES D65/F65 set to 0/0 under the deviation-only convention; E65 set to Billy Edwards Jr.; H65 L→M; source, review date and evidence note refreshed. G65 and M65 remain formulas. UNC status changes UNCERTAIN→OK and UNC–TCU changes QB UNCERTAIN→READY; no QB adjustment, rating, spread, edge or model formula changed.",,HOLD - ruling required,LIVE-ONLY DATA
CHANGELOG,D88,88,4,D,live-authored changelog history rows,ESPN/Pete Thamel 2026-08-18; independently corroborated by Inside Carolina/On3; no public UNC team release located at review time,,HOLD - ruling required,LIVE-ONLY DATA
CHANGELOG,A89,89,1,A,live-authored changelog history rows,v0.8.3,,HOLD - ruling required,LIVE-ONLY DATA
CHANGELOG,B89,89,2,B,live-authored changelog history rows,2026-08-21,,HOLD - ruling required,LIVE-ONLY DATA
CHANGELOG,C89,89,3,C,live-authored changelog history rows,"FINAL CORRECTED QB PACKET: activated Stanford (Davis Warren), San José State (Luke Weaver) and Missouri State (Skyler Locklear) at H confidence with baseline/active values 0/0 under the deviation-only convention. Corrected Fresno State's stale three-way record to the current Khristian Martin / Jayden Mandal competition while retaining L/UNCERTAIN. Refreshed Texas Tech's medical-gate note and review date without activation; team medical clearance for Will Hammond remained unverified. Syracuse was deliberately not changed because Fran Brown's camp comments preserved a live competition. Three QB statuses moved UNCERTAIN→OK; no nonzero QB value, rating, market line, adjustment, spread or model formula changed.",,HOLD - ruling required,LIVE-ONLY DATA
CHANGELOG,D89,89,4,D,live-authored changelog history rows,Owner-approved corrected reconciliation; Stanford ESPN/Press Democrat; official SJSU Football; official Missouri State Football; Fresno State Athletics/KMPH; Texas Tech ESPN,,HOLD - ruling required,LIVE-ONLY DATA
CHANGELOG,A90,90,1,A,live-authored changelog history rows,v0.8.3,,HOLD - ruling required,LIVE-ONLY DATA
CHANGELOG,B90,90,2,B,live-authored changelog history rows,2026-08-21,,HOLD - ruling required,LIVE-ONLY DATA
CHANGELOG,C90,90,3,C,live-authored changelog history rows,"TEXAS TECH IDENTITY CORRECTION: Will Hammond is the confirmed QB1, not an unresolved starter identity. QB VALUES C52 populated with Will Hammond; H52 M→H; I52 and L52 replaced with official Texas Tech/ESPN evidence. D52/F52 remain blank because final team medical clearance for Week 1 availability was not verified; G52/M52 remain formulas and M52 correctly stays UNCERTAIN. Confidence census changes 68 H / 42 M / 28 L → 69 H / 41 M / 28 L. QB census remains 104 OK / 34 UNCERTAIN; no numerical QB value, rating, market line, adjustment, spread or model formula changed.",,HOLD - ruling required,LIVE-ONLY DATA
CHANGELOG,D90,90,4,D,live-authored changelog history rows,Owner correction; Texas Tech Football official QB1 post 2026-07-24; ESPN/Joey McGuire 2026-07-07,,HOLD - ruling required,LIVE-ONLY DATA
CHANGELOG,A91,91,1,A,live-authored changelog history rows,v0.8.4,,HOLD - ruling required,LIVE-ONLY DATA
CHANGELOG,B91,91,2,B,live-authored changelog history rows,2026-08-21,,HOLD - ruling required,LIVE-ONLY DATA
CHANGELOG,C91,91,3,C,live-authored changelog history rows,"LIVE v0.8.4 QB CLOSEOUT: Northern Illinois corrected from projected Taron Dickens at M to an unresolved four-way competition (Davidson / Macon / Hamric / Dickens) at L; Tulane corrected from Kadin Semonza to the verified four-way competition (Semonza / Chriss-Gremillion / Johnson / Bruno), retaining L. Sources, review dates and evidence notes refreshed. Colorado State unchanged; Texas Tech remains confirmed QB1 Will Hammond at H but medically gated. No numerical QB value, rating, market line, adjustment, spread or formula changed.",,HOLD - ruling required,LIVE-ONLY DATA
CHANGELOG,D91,91,4,D,live-authored changelog history rows,Owner-approved v0.8.4 corrected packet; repository promotion commit 14cf041; HERO Sports/NIU Athletics and FOX 8 New Orleans,,HOLD - ruling required,LIVE-ONLY DATA
IMPORT SCHEDULE,D13,13,4,D,401862693 Memphis Tigers @ UNLV Rebels,2026-08-30 00:00:00,2026-08-29 00:00:00,OVERWRITE with v0.8.8,SCHEDULE DATE
IMPORT SCHEDULE,D20,20,4,D,401856663 Arkansas-Pine Bluff Golden Lions @ Missouri Tigers,2026-09-04 00:00:00,2026-09-03 00:00:00,OVERWRITE with v0.8.8,SCHEDULE DATE
IMPORT SCHEDULE,D21,21,4,D,401856768 Idaho Vandals @ Utah Utes,2026-09-04 00:00:00,2026-09-03 00:00:00,OVERWRITE with v0.8.8,SCHEDULE DATE
IMPORT SCHEDULE,D22,22,4,D,401856776 Colorado Buffaloes @ Georgia Tech Yellow Jackets,2026-09-04 00:00:00,2026-09-03 00:00:00,OVERWRITE with v0.8.8,SCHEDULE DATE
IMPORT SCHEDULE,D23,23,4,D,401858422 Eastern Illinois Panthers @ Minnesota Golden Gophers,2026-09-04 00:00:00,2026-09-03 00:00:00,OVERWRITE with v0.8.8,SCHEDULE DATE
IMPORT SCHEDULE,D24,24,4,D,401858424 UAB Blazers @ Illinois Fighting Illini,2026-09-04 00:00:00,2026-09-03 00:00:00,OVERWRITE with v0.8.8,SCHEDULE DATE
IMPORT SCHEDULE,D36,36,4,D,401856664 UTEP Miners @ Oklahoma Sooners,2026-09-05 00:00:00,2026-09-04 00:00:00,OVERWRITE with v0.8.8,SCHEDULE DATE
IMPORT SCHEDULE,D42,42,4,D,401856769 Long Island University Sharks @ Kansas Jayhawks,2026-09-05 00:00:00,2026-09-04 00:00:00,OVERWRITE with v0.8.8,SCHEDULE DATE
IMPORT SCHEDULE,D50,50,4,D,401858206 Miami Hurricanes @ Stanford Cardinal,2026-09-05 00:00:00,2026-09-04 00:00:00,OVERWRITE with v0.8.8,SCHEDULE DATE
IMPORT SCHEDULE,D58,58,4,D,401858429 Toledo Rockets @ Michigan State Spartans,2026-09-05 00:00:00,2026-09-04 00:00:00,OVERWRITE with v0.8.8,SCHEDULE DATE
IMPORT SCHEDULE,D63,63,4,D,401858436 Fresno State Bulldogs @ USC Trojans,2026-09-05 00:00:00,2026-09-04 00:00:00,OVERWRITE with v0.8.8,SCHEDULE DATE
IMPORT SCHEDULE,D89,89,4,D,401856773 Northern Arizona Lumberjacks @ Arizona Wildcats,2026-09-06 00:00:00,2026-09-05 00:00:00,OVERWRITE with v0.8.8,SCHEDULE DATE
IMPORT SCHEDULE,D90,90,4,D,401856774 Morgan State Bears @ Arizona State Sun Devils,2026-09-06 00:00:00,2026-09-05 00:00:00,OVERWRITE with v0.8.8,SCHEDULE DATE
IMPORT SCHEDULE,D91,91,4,D,401856775 Utah Tech Trailblazers @ BYU Cougars,2026-09-06 00:00:00,2026-09-05 00:00:00,OVERWRITE with v0.8.8,SCHEDULE DATE
IMPORT SCHEDULE,D92,92,4,D,401858210 UCLA Bruins @ California Golden Bears,2026-09-06 00:00:00,2026-09-05 00:00:00,OVERWRITE with v0.8.8,SCHEDULE DATE
IMPORT SCHEDULE,D93,93,4,D,401858427 Hampton Pirates @ Maryland Terrapins,2026-09-06 00:00:00,2026-09-05 00:00:00,OVERWRITE with v0.8.8,SCHEDULE DATE
IMPORT SCHEDULE,D94,94,4,D,401858431 South Dakota State Jackrabbits @ Northwestern Wildcats,2026-09-06 00:00:00,2026-09-05 00:00:00,OVERWRITE with v0.8.8,SCHEDULE DATE
IMPORT SCHEDULE,D97,97,4,D,401860879 Portland State Vikings @ San Diego State Aztecs,2026-09-06 00:00:00,2026-09-05 00:00:00,OVERWRITE with v0.8.8,SCHEDULE DATE
IMPORT SCHEDULE,D98,98,4,D,401864432 Western Kentucky Hilltoppers @ Nevada Wolf Pack,2026-09-06 00:00:00,2026-09-05 00:00:00,OVERWRITE with v0.8.8,SCHEDULE DATE
IMPORT SCHEDULE,D99,99,4,D,401864497 UNLV Rebels @ Hawai'i Rainbow Warriors,2026-09-06 00:00:00,2026-09-05 00:00:00,OVERWRITE with v0.8.8,SCHEDULE DATE
IMPORT SCHEDULE,D100,100,4,D,401864498 Central Michigan Chippewas @ New Mexico Lobos,2026-09-06 00:00:00,2026-09-05 00:00:00,OVERWRITE with v0.8.8,SCHEDULE DATE
IMPORT SCHEDULE,D101,101,4,D,401866411 Mississippi Valley State Delta Devils @ Sacramento State Hornets,2026-09-06 00:00:00,2026-09-05 00:00:00,OVERWRITE with v0.8.8,SCHEDULE DATE
IMPORT SCHEDULE,D102,102,4,D,401869142 Lamar Cardinals @ Louisiana Ragin' Cajuns,2026-09-06 00:00:00,2026-09-05 00:00:00,OVERWRITE with v0.8.8,SCHEDULE DATE
IMPORT SCHEDULE,D103,103,4,D,401870790 Mercyhurst Lakers @ New Mexico State Aggies,2026-09-06 00:00:00,2026-09-05 00:00:00,OVERWRITE with v0.8.8,SCHEDULE DATE
IMPORT SCHEDULE,D105,105,4,D,401858213 Florida A&M Rattlers @ Miami Hurricanes,2026-09-11 00:00:00,2026-09-10 00:00:00,OVERWRITE with v0.8.8,SCHEDULE DATE
IMPORT SCHEDULE,D116,116,4,D,401856678 Missouri Tigers @ Kansas Jayhawks,2026-09-12 00:00:00,2026-09-11 00:00:00,OVERWRITE with v0.8.8,SCHEDULE DATE
IMPORT SCHEDULE,D182,182,4,D,401856670 Arkansas Razorbacks @ Utah Utes,2026-09-13 00:00:00,2026-09-12 00:00:00,OVERWRITE with v0.8.8,SCHEDULE DATE
IMPORT SCHEDULE,D183,183,4,D,401856784 Prairie View A&M Panthers @ Baylor Bears,2026-09-13 00:00:00,2026-09-12 00:00:00,OVERWRITE with v0.8.8,SCHEDULE DATE
IMPORT SCHEDULE,D184,184,4,D,401856789 Grambling Tigers @ TCU Horned Frogs,2026-09-13 00:00:00,2026-09-12 00:00:00,OVERWRITE with v0.8.8,SCHEDULE DATE
IMPORT SCHEDULE,D185,185,4,D,401858445 Louisiana Ragin' Cajuns @ USC Trojans,2026-09-13 00:00:00,2026-09-12 00:00:00,OVERWRITE with v0.8.8,SCHEDULE DATE
IMPORT SCHEDULE,D186,186,4,D,401860883 Sacramento State Hornets @ Fresno State Bulldogs,2026-09-13 00:00:00,2026-09-12 00:00:00,OVERWRITE with v0.8.8,SCHEDULE DATE
IMPORT SCHEDULE,D187,187,4,D,401864500 Montana State Bobcats @ Nevada Wolf Pack,2026-09-13 00:00:00,2026-09-12 00:00:00,OVERWRITE with v0.8.8,SCHEDULE DATE
IMPORT SCHEDULE,D188,188,4,D,401864502 North Dakota State Bison @ Air Force Falcons,2026-09-13 00:00:00,2026-09-12 00:00:00,OVERWRITE with v0.8.8,SCHEDULE DATE
IMPORT SCHEDULE,D189,189,4,D,401864505 Texas Southern Tigers @ UTEP Miners,2026-09-13 00:00:00,2026-09-12 00:00:00,OVERWRITE with v0.8.8,SCHEDULE DATE
IMPORT SCHEDULE,D190,190,4,D,401864578 New Mexico State Aggies @ Hawai'i Rainbow Warriors,2026-09-13 00:00:00,2026-09-12 00:00:00,OVERWRITE with v0.8.8,SCHEDULE DATE
IMPORT SCHEDULE,D212,212,4,D,401856811 Houston Cougars @ Texas Tech Red Raiders,2026-09-19 00:00:00,2026-09-18 00:00:00,OVERWRITE with v0.8.8,SCHEDULE DATE
IMPORT SCHEDULE,D228,228,4,D,401858455 Portland State Vikings @ Oregon Ducks,2026-09-19 00:00:00,2026-09-18 00:00:00,OVERWRITE with v0.8.8,SCHEDULE DATE
IMPORT SCHEDULE,D255,255,4,D,401856693 UTSA Roadrunners @ Texas Longhorns,2026-09-20 00:00:00,2026-09-19 00:00:00,OVERWRITE with v0.8.8,SCHEDULE DATE
IMPORT SCHEDULE,D256,256,4,D,401856793 Northern Illinois Huskies @ Arizona Wildcats,2026-09-20 00:00:00,2026-09-19 00:00:00,OVERWRITE with v0.8.8,SCHEDULE DATE
IMPORT SCHEDULE,D257,257,4,D,401856799 Arkansas State Red Wolves @ TCU Horned Frogs,2026-09-20 00:00:00,2026-09-19 00:00:00,OVERWRITE with v0.8.8,SCHEDULE DATE
IMPORT SCHEDULE,D258,258,4,D,401858458 Purdue Boilermakers @ UCLA Bruins,2026-09-20 00:00:00,2026-09-19 00:00:00,OVERWRITE with v0.8.8,SCHEDULE DATE
IMPORT SCHEDULE,D259,259,4,D,401860885 South Dakota Coyotes @ Boise State Broncos,2026-09-20 00:00:00,2026-09-19 00:00:00,OVERWRITE with v0.8.8,SCHEDULE DATE
IMPORT SCHEDULE,D260,260,4,D,401860886 Montana Grizzlies @ Oregon State Beavers,2026-09-20 00:00:00,2026-09-19 00:00:00,OVERWRITE with v0.8.8,SCHEDULE DATE
IMPORT SCHEDULE,D261,261,4,D,401860887 James Madison Dukes @ San Diego State Aztecs,2026-09-20 00:00:00,2026-09-19 00:00:00,OVERWRITE with v0.8.8,SCHEDULE DATE
IMPORT SCHEDULE,D262,262,4,D,401860888 Fresno State Bulldogs @ San José State Spartans,2026-09-20 00:00:00,2026-09-19 00:00:00,OVERWRITE with v0.8.8,SCHEDULE DATE
IMPORT SCHEDULE,D263,263,4,D,401862775 East Texas A&M Lions @ Tulsa Golden Hurricane,2026-09-20 00:00:00,2026-09-19 00:00:00,OVERWRITE with v0.8.8,SCHEDULE DATE
IMPORT SCHEDULE,D264,264,4,D,401862776 UAB Blazers @ Louisiana Ragin' Cajuns,2026-09-20 00:00:00,2026-09-19 00:00:00,OVERWRITE with v0.8.8,SCHEDULE DATE
IMPORT SCHEDULE,D265,265,4,D,401864507 North Dakota State Bison @ Sacramento State Hornets,2026-09-20 00:00:00,2026-09-19 00:00:00,OVERWRITE with v0.8.8,SCHEDULE DATE
IMPORT SCHEDULE,D285,285,4,D,401858234 Clemson Tigers @ California Golden Bears,2026-09-26 00:00:00,2026-09-25 00:00:00,OVERWRITE with v0.8.8,SCHEDULE DATE
IMPORT SCHEDULE,D294,294,4,D,401858461 Northwestern Wildcats @ Indiana Hoosiers,2026-09-26 00:00:00,2026-09-25 00:00:00,OVERWRITE with v0.8.8,SCHEDULE DATE
IMPORT SCHEDULE,D333,333,4,D,401856697 Tulsa Golden Hurricane @ Arkansas Razorbacks,2026-09-27 00:00:00,2026-09-26 00:00:00,OVERWRITE with v0.8.8,SCHEDULE DATE
IMPORT SCHEDULE,D334,334,4,D,401858240 Georgia Tech Yellow Jackets @ Stanford Cardinal,2026-09-27 00:00:00,2026-09-26 00:00:00,OVERWRITE with v0.8.8,SCHEDULE DATE
IMPORT SCHEDULE,D335,335,4,D,401860891 Rice Owls @ Fresno State Bulldogs,2026-09-27 00:00:00,2026-09-26 00:00:00,OVERWRITE with v0.8.8,SCHEDULE DATE
IMPORT SCHEDULE,D336,336,4,D,401860895 Oregon State Beavers @ UTEP Miners,2026-09-27 00:00:00,2026-09-26 00:00:00,OVERWRITE with v0.8.8,SCHEDULE DATE
IMPORT SCHEDULE,D338,338,4,D,401862786 North Texas Mean Green @ Tulsa Golden Hurricane,2026-10-02 00:00:00,2026-10-01 00:00:00,OVERWRITE with v0.8.8,SCHEDULE DATE
IMPORT SCHEDULE,D339,339,4,D,401871049 Western Kentucky Hilltoppers @ New Mexico State Aggies,2026-10-02 00:00:00,2026-10-01 00:00:00,OVERWRITE with v0.8.8,SCHEDULE DATE
IMPORT SCHEDULE,D367,367,4,D,401858476 Penn State Nittany Lions @ Northwestern Wildcats,2026-10-03 00:00:00,2026-10-02 00:00:00,OVERWRITE with v0.8.8,SCHEDULE DATE
IMPORT SCHEDULE,D392,392,4,D,401858477 Indiana Hoosiers @ Rutgers Scarlet Knights,2026-10-04 00:00:00,2026-10-03 00:00:00,OVERWRITE with v0.8.8,SCHEDULE DATE
IMPORT SCHEDULE,D393,393,4,D,401860900 Texas State Bobcats @ San Diego State Aztecs,2026-10-04 00:00:00,2026-10-03 00:00:00,OVERWRITE with v0.8.8,SCHEDULE DATE
IMPORT SCHEDULE,D394,394,4,D,401860921 Fresno State Bulldogs @ Washington State Cougars,2026-10-04 00:00:00,2026-10-03 00:00:00,OVERWRITE with v0.8.8,SCHEDULE DATE
IMPORT SCHEDULE,D395,395,4,D,401864513 San José State Spartans @ Hawai'i Rainbow Warriors,2026-10-04 00:00:00,2026-10-03 00:00:00,OVERWRITE with v0.8.8,SCHEDULE DATE
IMPORT SCHEDULE,D398,398,4,D,401871090 Southern Miss Golden Eagles @ Troy Trojans,2026-10-07 00:00:00,2026-10-06 00:00:00,OVERWRITE with v0.8.8,SCHEDULE DATE
IMPORT SCHEDULE,D415,415,4,D,401856826 Iowa State Cyclones @ BYU Cougars,2026-10-10 00:00:00,2026-10-09 00:00:00,OVERWRITE with v0.8.8,SCHEDULE DATE
IMPORT SCHEDULE,D430,430,4,D,401858487 Iowa Hawkeyes @ Washington Huskies,2026-10-10 00:00:00,2026-10-09 00:00:00,OVERWRITE with v0.8.8,SCHEDULE DATE
IMPORT SCHEDULE,D432,432,4,D,401860922 Washington State Cougars @ Utah State Aggies,2026-10-10 00:00:00,2026-10-09 00:00:00,OVERWRITE with v0.8.8,SCHEDULE DATE
IMPORT SCHEDULE,D442,442,4,D,401864519 Wyoming Cowboys @ San José State Spartans,2026-10-10 00:00:00,2026-10-09 00:00:00,OVERWRITE with v0.8.8,SCHEDULE DATE
IMPORT SCHEDULE,D453,453,4,D,401860901 Boise State Broncos @ Fresno State Bulldogs,2026-10-11 00:00:00,2026-10-10 00:00:00,OVERWRITE with v0.8.8,SCHEDULE DATE
IMPORT SCHEDULE,D455,455,4,D,401871053 Florida International Panthers @ Jacksonville State Gamecocks,2026-10-14 00:00:00,2026-10-13 00:00:00,OVERWRITE with v0.8.8,SCHEDULE DATE
IMPORT SCHEDULE,D459,459,4,D,401871068 Western Kentucky Hilltoppers @ Sam Houston Bearkats,2026-10-15 00:00:00,2026-10-14 00:00:00,OVERWRITE with v0.8.8,SCHEDULE DATE
IMPORT SCHEDULE,D460,460,4,D,401860923 Colorado State Rams @ Texas State Bobcats,2026-10-16 00:00:00,2026-10-15 00:00:00,OVERWRITE with v0.8.8,SCHEDULE DATE
IMPORT SCHEDULE,D491,491,4,D,401858493 Washington Huskies @ Purdue Boilermakers,2026-10-17 00:00:00,2026-10-16 00:00:00,OVERWRITE with v0.8.8,SCHEDULE DATE
IMPORT SCHEDULE,D509,509,4,D,401869844 App State Mountaineers @ Coastal Carolina Chanticleers,2026-10-17 00:00:00,2026-10-16 00:00:00,OVERWRITE with v0.8.8,SCHEDULE DATE
IMPORT SCHEDULE,D514,514,4,D,401860904 Fresno State Bulldogs @ San Diego State Aztecs,2026-10-18 00:00:00,2026-10-17 00:00:00,OVERWRITE with v0.8.8,SCHEDULE DATE
IMPORT SCHEDULE,D515,515,4,D,401864523 San José State Spartans @ UTEP Miners,2026-10-18 00:00:00,2026-10-17 00:00:00,OVERWRITE with v0.8.8,SCHEDULE DATE
IMPORT SCHEDULE,D522,522,4,D,401871070 New Mexico State Aggies @ Sam Houston Bearkats,2026-10-22 00:00:00,2026-10-21 00:00:00,OVERWRITE with v0.8.8,SCHEDULE DATE
IMPORT SCHEDULE,D540,540,4,D,401858272 NC State Wolfpack @ Stanford Cardinal,2026-10-24 00:00:00,2026-10-23 00:00:00,OVERWRITE with v0.8.8,SCHEDULE DATE
IMPORT SCHEDULE,D554,554,4,D,401862808 Army Black Knights @ Tulsa Golden Hurricane,2026-10-24 00:00:00,2026-10-23 00:00:00,OVERWRITE with v0.8.8,SCHEDULE DATE
IMPORT SCHEDULE,D558,558,4,D,401864525 Air Force Falcons @ Wyoming Cowboys,2026-10-24 00:00:00,2026-10-23 00:00:00,OVERWRITE with v0.8.8,SCHEDULE DATE
IMPORT SCHEDULE,D571,571,4,D,401864527 North Dakota State Bison @ New Mexico Lobos,2026-10-25 00:00:00,2026-10-24 00:00:00,OVERWRITE with v0.8.8,SCHEDULE DATE
IMPORT SCHEDULE,D574,574,4,D,401871072 Sam Houston Bearkats @ Missouri State Bears,2026-10-28 00:00:00,2026-10-27 00:00:00,OVERWRITE with v0.8.8,SCHEDULE DATE
IMPORT SCHEDULE,D577,577,4,D,401871057 Jacksonville State Gamecocks @ New Mexico State Aggies,2026-10-29 00:00:00,2026-10-28 00:00:00,OVERWRITE with v0.8.8,SCHEDULE DATE
IMPORT SCHEDULE,D618,618,4,D,401866451 Kent State Golden Flashes @ Sacramento State Hornets,2026-10-31 00:00:00,2026-10-30 00:00:00,OVERWRITE with v0.8.8,SCHEDULE DATE
IMPORT SCHEDULE,D626,626,4,D,401860908 Texas State Bobcats @ Boise State Broncos,2026-11-01 00:00:00,2026-10-31 00:00:00,OVERWRITE with v0.8.8,SCHEDULE DATE
IMPORT SCHEDULE,D627,627,4,D,401864530 Northern Illinois Huskies @ UNLV Rebels,2026-11-01 00:00:00,2026-10-31 00:00:00,OVERWRITE with v0.8.8,SCHEDULE DATE
IMPORT SCHEDULE,D628,628,4,D,401866453 Ohio Bobcats @ Akron Zips,2026-11-04 00:00:00,2026-11-03 00:00:00,OVERWRITE with v0.8.8,SCHEDULE DATE
IMPORT SCHEDULE,D629,629,4,D,401866454 Buffalo Bulls @ Miami (OH) RedHawks,2026-11-04 00:00:00,2026-11-03 00:00:00,OVERWRITE with v0.8.8,SCHEDULE DATE
IMPORT SCHEDULE,D633,633,4,D,401862817 UTSA Roadrunners @ Florida Atlantic Owls,2026-11-06 00:00:00,2026-11-05 00:00:00,OVERWRITE with v0.8.8,SCHEDULE DATE
IMPORT SCHEDULE,D634,634,4,D,401869964 James Madison Dukes @ Southern Miss Golden Eagles,2026-11-06 00:00:00,2026-11-05 00:00:00,OVERWRITE with v0.8.8,SCHEDULE DATE
IMPORT SCHEDULE,D649,649,4,D,401856855 TCU Horned Frogs @ Arizona Wildcats,2026-11-07 00:00:00,2026-11-06 00:00:00,OVERWRITE with v0.8.8,SCHEDULE DATE
IMPORT SCHEDULE,D654,654,4,D,401858288 Virginia Tech Hokies @ SMU Mustangs,2026-11-07 00:00:00,2026-11-06 00:00:00,OVERWRITE with v0.8.8,SCHEDULE DATE
IMPORT SCHEDULE,D658,658,4,D,401858510 Nebraska Cornhuskers @ Illinois Fighting Illini,2026-11-07 00:00:00,2026-11-06 00:00:00,OVERWRITE with v0.8.8,SCHEDULE DATE
IMPORT SCHEDULE,D667,667,4,D,401862818 South Florida Bulls @ East Carolina Pirates,2026-11-07 00:00:00,2026-11-06 00:00:00,OVERWRITE with v0.8.8,SCHEDULE DATE
IMPORT SCHEDULE,D673,673,4,D,401864533 New Mexico Lobos @ Nevada Wolf Pack,2026-11-07 00:00:00,2026-11-06 00:00:00,OVERWRITE with v0.8.8,SCHEDULE DATE
IMPORT SCHEDULE,D685,685,4,D,401858291 Miami Hurricanes @ Notre Dame Fighting Irish,2026-11-08 00:00:00,2026-11-07 00:00:00,OVERWRITE with v0.8.8,SCHEDULE DATE
IMPORT SCHEDULE,D686,686,4,D,401860912 Texas State Bobcats @ Oregon State Beavers,2026-11-08 00:00:00,2026-11-07 00:00:00,OVERWRITE with v0.8.8,SCHEDULE DATE
IMPORT SCHEDULE,D687,687,4,D,401860913 Fresno State Bulldogs @ Utah State Aggies,2026-11-08 00:00:00,2026-11-07 00:00:00,OVERWRITE with v0.8.8,SCHEDULE DATE
IMPORT SCHEDULE,D688,688,4,D,401862823 Air Force Falcons @ Army Black Knights,2026-11-08 00:00:00,2026-11-07 00:00:00,OVERWRITE with v0.8.8,SCHEDULE DATE
IMPORT SCHEDULE,D689,689,4,D,401864535 Wyoming Cowboys @ UNLV Rebels,2026-11-08 00:00:00,2026-11-07 00:00:00,OVERWRITE with v0.8.8,SCHEDULE DATE
IMPORT SCHEDULE,D690,690,4,D,401871075 Sam Houston Bearkats @ Jacksonville State Gamecocks,2026-11-08 00:00:00,2026-11-07 00:00:00,OVERWRITE with v0.8.8,SCHEDULE DATE
IMPORT SCHEDULE,D691,691,4,D,401866458 Western Michigan Broncos @ Akron Zips,2026-11-11 00:00:00,2026-11-10 00:00:00,OVERWRITE with v0.8.8,SCHEDULE DATE
IMPORT SCHEDULE,D692,692,4,D,401866459 Kent State Golden Flashes @ Bowling Green Falcons,2026-11-11 00:00:00,2026-11-10 00:00:00,OVERWRITE with v0.8.8,SCHEDULE DATE
IMPORT SCHEDULE,D693,693,4,D,401866460 Ohio Bobcats @ Miami (OH) RedHawks,2026-11-11 00:00:00,2026-11-10 00:00:00,OVERWRITE with v0.8.8,SCHEDULE DATE
IMPORT SCHEDULE,D697,697,4,D,401862824 Memphis Tigers @ South Florida Bulls,2026-11-13 00:00:00,2026-11-12 00:00:00,OVERWRITE with v0.8.8,SCHEDULE DATE
IMPORT SCHEDULE,D698,698,4,D,401869969 Louisiana Ragin' Cajuns @ UL Monroe Warhawks,2026-11-13 00:00:00,2026-11-12 00:00:00,OVERWRITE with v0.8.8,SCHEDULE DATE
IMPORT SCHEDULE,D702,702,4,D,401856860 Houston Cougars @ Colorado Buffaloes,2026-11-14 00:00:00,2026-11-13 00:00:00,OVERWRITE with v0.8.8,SCHEDULE DATE
IMPORT SCHEDULE,D715,715,4,D,401858293 Florida State Seminoles @ Pittsburgh Panthers,2026-11-14 00:00:00,2026-11-13 00:00:00,OVERWRITE with v0.8.8,SCHEDULE DATE
IMPORT SCHEDULE,D732,732,4,D,401858526 Illinois Fighting Illini @ UCLA Bruins,2026-11-14 00:00:00,2026-11-13 00:00:00,OVERWRITE with v0.8.8,SCHEDULE DATE
IMPORT SCHEDULE,D753,753,4,D,401860915 Utah State Aggies @ San Diego State Aztecs,2026-11-15 00:00:00,2026-11-14 00:00:00,OVERWRITE with v0.8.8,SCHEDULE DATE
IMPORT SCHEDULE,D754,754,4,D,401860917 Colorado State Rams @ Washington State Cougars,2026-11-15 00:00:00,2026-11-14 00:00:00,OVERWRITE with v0.8.8,SCHEDULE DATE
IMPORT SCHEDULE,D755,755,4,D,401864537 North Dakota State Bison @ Hawai'i Rainbow Warriors,2026-11-15 00:00:00,2026-11-14 00:00:00,OVERWRITE with v0.8.8,SCHEDULE DATE
IMPORT SCHEDULE,D756,756,4,D,401864538 San José State Spartans @ Air Force Falcons,2026-11-15 00:00:00,2026-11-14 00:00:00,OVERWRITE with v0.8.8,SCHEDULE DATE
IMPORT SCHEDULE,D757,757,4,D,401864539 UNLV Rebels @ New Mexico Lobos,2026-11-15 00:00:00,2026-11-14 00:00:00,OVERWRITE with v0.8.8,SCHEDULE DATE
IMPORT SCHEDULE,D758,758,4,D,401866464 Ball State Cardinals @ Ohio Bobcats,2026-11-18 00:00:00,2026-11-17 00:00:00,OVERWRITE with v0.8.8,SCHEDULE DATE
IMPORT SCHEDULE,D759,759,4,D,401866465 Eastern Michigan Eagles @ Western Michigan Broncos,2026-11-18 00:00:00,2026-11-17 00:00:00,OVERWRITE with v0.8.8,SCHEDULE DATE
IMPORT SCHEDULE,D760,760,4,D,401866466 Miami (OH) RedHawks @ Kent State Golden Flashes,2026-11-18 00:00:00,2026-11-17 00:00:00,OVERWRITE with v0.8.8,SCHEDULE DATE
IMPORT SCHEDULE,D764,764,4,D,401862830 Rice Owls @ Temple Owls,2026-11-20 00:00:00,2026-11-19 00:00:00,OVERWRITE with v0.8.8,SCHEDULE DATE
IMPORT SCHEDULE,D783,783,4,D,401858303 Clemson Tigers @ Duke Blue Devils,2026-11-21 00:00:00,2026-11-20 00:00:00,OVERWRITE with v0.8.8,SCHEDULE DATE
IMPORT SCHEDULE,D792,792,4,D,401858529 Oregon Ducks @ Michigan State Spartans,2026-11-21 00:00:00,2026-11-20 00:00:00,OVERWRITE with v0.8.8,SCHEDULE DATE
IMPORT SCHEDULE,D809,809,4,D,401864545 UTEP Miners @ Air Force Falcons,2026-11-21 00:00:00,2026-11-20 00:00:00,OVERWRITE with v0.8.8,SCHEDULE DATE
IMPORT SCHEDULE,D810,810,4,D,401866468 Bowling Green Falcons @ Toledo Rockets,2026-11-21 00:00:00,2026-11-20 00:00:00,OVERWRITE with v0.8.8,SCHEDULE DATE
IMPORT SCHEDULE,D822,822,4,D,401858307 SMU Mustangs @ Notre Dame Fighting Irish,2026-11-22 00:00:00,2026-11-21 00:00:00,OVERWRITE with v0.8.8,SCHEDULE DATE
IMPORT SCHEDULE,D823,823,4,D,401860918 Colorado State Rams @ Fresno State Bulldogs,2026-11-22 00:00:00,2026-11-21 00:00:00,OVERWRITE with v0.8.8,SCHEDULE DATE
IMPORT SCHEDULE,D824,824,4,D,401860919 Utah State Aggies @ Oregon State Beavers,2026-11-22 00:00:00,2026-11-21 00:00:00,OVERWRITE with v0.8.8,SCHEDULE DATE
IMPORT SCHEDULE,D825,825,4,D,401860925 San Diego State Aztecs @ Boise State Broncos,2026-11-22 00:00:00,2026-11-21 00:00:00,OVERWRITE with v0.8.8,SCHEDULE DATE
IMPORT SCHEDULE,D826,826,4,D,401864542 New Mexico Lobos @ Wyoming Cowboys,2026-11-22 00:00:00,2026-11-21 00:00:00,OVERWRITE with v0.8.8,SCHEDULE DATE
IMPORT SCHEDULE,D827,827,4,D,401864544 UNLV Rebels @ San José State Spartans,2026-11-22 00:00:00,2026-11-21 00:00:00,OVERWRITE with v0.8.8,SCHEDULE DATE
IMPORT SCHEDULE,D829,829,4,D,401866470 Kent State Golden Flashes @ Eastern Michigan Eagles,2026-11-25 00:00:00,2026-11-24 00:00:00,OVERWRITE with v0.8.8,SCHEDULE DATE
IMPORT SCHEDULE,D832,832,4,D,401856879 TCU Horned Frogs @ Texas Tech Red Raiders,2026-11-27 00:00:00,2026-11-26 00:00:00,OVERWRITE with v0.8.8,SCHEDULE DATE
IMPORT SCHEDULE,D841,841,4,D,401856756 Texas Longhorns @ Texas A&M Aggies,2026-11-28 00:00:00,2026-11-27 00:00:00,OVERWRITE with v0.8.8,SCHEDULE DATE
IMPORT SCHEDULE,D855,855,4,D,401856880 West Virginia Mountaineers @ Utah Utes,2026-11-28 00:00:00,2026-11-27 00:00:00,OVERWRITE with v0.8.8,SCHEDULE DATE
IMPORT SCHEDULE,D870,870,4,D,401858544 Minnesota Golden Gophers @ Wisconsin Badgers,2026-11-28 00:00:00,2026-11-27 00:00:00,OVERWRITE with v0.8.8,SCHEDULE DATE
IMPORT SCHEDULE,D891,891,4,D,401864547 Sacramento State Hornets @ Hawai'i Rainbow Warriors,2026-11-29 00:00:00,2026-11-28 00:00:00,OVERWRITE with v0.8.8,SCHEDULE DATE
IMPORT SCHEDULE,D892,892,4,D,401864548 Nevada Wolf Pack @ UNLV Rebels,2026-11-29 00:00:00,2026-11-28 00:00:00,OVERWRITE with v0.8.8,SCHEDULE DATE
MARKET LINES,A6,6,1,A,operational Week 0 market lines (repo ships MARKET LINES blank by design),401856766,,HOLD - ruling required,LIVE-ONLY DATA
MARKET LINES,C6,6,3,C,operational Week 0 market lines (repo ships MARKET LINES blank by design),TCU,,HOLD - ruling required,LIVE-ONLY DATA
MARKET LINES,D6,6,4,D,operational Week 0 market lines (repo ships MARKET LINES blank by design),7.5,,HOLD - ruling required,LIVE-ONLY DATA
MARKET LINES,E6,6,5,E,operational Week 0 market lines (repo ships MARKET LINES blank by design),47.5,,HOLD - ruling required,LIVE-ONLY DATA
MARKET LINES,F6,6,6,F,operational Week 0 market lines (repo ships MARKET LINES blank by design),FanDuel Sportsbook Week 0 odds,,HOLD - ruling required,LIVE-ONLY DATA
MARKET LINES,G6,6,7,G,operational Week 0 market lines (repo ships MARKET LINES blank by design),2026-08-26 00:00:00,,HOLD - ruling required,LIVE-ONLY DATA
MARKET LINES,H6,6,8,H,operational Week 0 market lines (repo ships MARKET LINES blank by design),Retrieved 2026-08-26 09:18 ET from https://www.fanduel.com/research/college-football-week-0-schedule-betting-odds-for-every-game; prior Circa snapshot retained in K:L.,,HOLD - ruling required,LIVE-ONLY DATA
MARKET LINES,K6,6,11,K,operational Week 0 market lines (repo ships MARKET LINES blank by design),7.5,,HOLD - ruling required,LIVE-ONLY DATA
MARKET LINES,L6,6,12,L,operational Week 0 market lines (repo ships MARKET LINES blank by design),47.5,,HOLD - ruling required,LIVE-ONLY DATA
MARKET LINES,A7,7,1,A,operational Week 0 market lines (repo ships MARKET LINES blank by design),401858201,,HOLD - ruling required,LIVE-ONLY DATA
MARKET LINES,C7,7,3,C,operational Week 0 market lines (repo ships MARKET LINES blank by design),STAN,,HOLD - ruling required,LIVE-ONLY DATA
MARKET LINES,D7,7,4,D,operational Week 0 market lines (repo ships MARKET LINES blank by design),3.5,,HOLD - ruling required,LIVE-ONLY DATA
MARKET LINES,E7,7,5,E,operational Week 0 market lines (repo ships MARKET LINES blank by design),48.5,,HOLD - ruling required,LIVE-ONLY DATA
MARKET LINES,F7,7,6,F,operational Week 0 market lines (repo ships MARKET LINES blank by design),FanDuel Sportsbook Week 0 odds,,HOLD - ruling required,LIVE-ONLY DATA
MARKET LINES,G7,7,7,G,operational Week 0 market lines (repo ships MARKET LINES blank by design),2026-08-26 00:00:00,,HOLD - ruling required,LIVE-ONLY DATA
MARKET LINES,H7,7,8,H,operational Week 0 market lines (repo ships MARKET LINES blank by design),Retrieved 2026-08-26 09:18 ET from https://www.fanduel.com/research/college-football-week-0-schedule-betting-odds-for-every-game; prior Circa snapshot retained in K:L.,,HOLD - ruling required,LIVE-ONLY DATA
MARKET LINES,K7,7,11,K,operational Week 0 market lines (repo ships MARKET LINES blank by design),6.0,,HOLD - ruling required,LIVE-ONLY DATA
MARKET LINES,L7,7,12,L,operational Week 0 market lines (repo ships MARKET LINES blank by design),49.0,,HOLD - ruling required,LIVE-ONLY DATA
MARKET LINES,A8,8,1,A,operational Week 0 market lines (repo ships MARKET LINES blank by design),401858202,,HOLD - ruling required,LIVE-ONLY DATA
MARKET LINES,C8,8,3,C,operational Week 0 market lines (repo ships MARKET LINES blank by design),UVA,,HOLD - ruling required,LIVE-ONLY DATA
MARKET LINES,D8,8,4,D,operational Week 0 market lines (repo ships MARKET LINES blank by design),5.5,,HOLD - ruling required,LIVE-ONLY DATA
MARKET LINES,E8,8,5,E,operational Week 0 market lines (repo ships MARKET LINES blank by design),53.5,,HOLD - ruling required,LIVE-ONLY DATA
MARKET LINES,F8,8,6,F,operational Week 0 market lines (repo ships MARKET LINES blank by design),FanDuel Sportsbook Week 0 odds,,HOLD - ruling required,LIVE-ONLY DATA
MARKET LINES,G8,8,7,G,operational Week 0 market lines (repo ships MARKET LINES blank by design),2026-08-26 00:00:00,,HOLD - ruling required,LIVE-ONLY DATA
MARKET LINES,H8,8,8,H,operational Week 0 market lines (repo ships MARKET LINES blank by design),Retrieved 2026-08-26 09:18 ET from https://www.fanduel.com/research/college-football-week-0-schedule-betting-odds-for-every-game; prior Circa snapshot retained in K:L.,,HOLD - ruling required,LIVE-ONLY DATA
MARKET LINES,K8,8,11,K,operational Week 0 market lines (repo ships MARKET LINES blank by design),5.5,,HOLD - ruling required,LIVE-ONLY DATA
MARKET LINES,L8,8,12,L,operational Week 0 market lines (repo ships MARKET LINES blank by design),53.5,,HOLD - ruling required,LIVE-ONLY DATA
MARKET LINES,A9,9,1,A,operational Week 0 market lines (repo ships MARKET LINES blank by design),401864494,,HOLD - ruling required,LIVE-ONLY DATA
MARKET LINES,C9,9,3,C,operational Week 0 market lines (repo ships MARKET LINES blank by design),USC,,HOLD - ruling required,LIVE-ONLY DATA
MARKET LINES,D9,9,4,D,operational Week 0 market lines (repo ships MARKET LINES blank by design),38.5,,HOLD - ruling required,LIVE-ONLY DATA
MARKET LINES,E9,9,5,E,operational Week 0 market lines (repo ships MARKET LINES blank by design),60.5,,HOLD - ruling required,LIVE-ONLY DATA
MARKET LINES,F9,9,6,F,operational Week 0 market lines (repo ships MARKET LINES blank by design),FanDuel / Action Network Week 0 odds,,HOLD - ruling required,LIVE-ONLY DATA
MARKET LINES,G9,9,7,G,operational Week 0 market lines (repo ships MARKET LINES blank by design),2026-08-26 00:00:00,,HOLD - ruling required,LIVE-ONLY DATA
MARKET LINES,H9,9,8,H,operational Week 0 market lines (repo ships MARKET LINES blank by design),Retrieved 2026-08-26 09:18 ET: FanDuel spread verified at https://www.fanduel.com/research/college-football-week-0-schedule-betting-odds-for-every-game; total corroborated at https://www.actionnetwork.com/ncaaf-game/san-jose-state-usc-score-odds-august-29-2026/288745; prior Circa snapshot retained in K:L.,,HOLD - ruling required,LIVE-ONLY DATA
MARKET LINES,K9,9,11,K,operational Week 0 market lines (repo ships MARKET LINES blank by design),39.0,,HOLD - ruling required,LIVE-ONLY DATA
MARKET LINES,L9,9,12,L,operational Week 0 market lines (repo ships MARKET LINES blank by design),60.0,,HOLD - ruling required,LIVE-ONLY DATA
MARKET LINES,A10,10,1,A,operational Week 0 market lines (repo ships MARKET LINES blank by design),401864570,,HOLD - ruling required,LIVE-ONLY DATA
MARKET LINES,C10,10,3,C,operational Week 0 market lines (repo ships MARKET LINES blank by design),FSU,,HOLD - ruling required,LIVE-ONLY DATA
MARKET LINES,D10,10,4,D,operational Week 0 market lines (repo ships MARKET LINES blank by design),30.5,,HOLD - ruling required,LIVE-ONLY DATA
MARKET LINES,E10,10,5,E,operational Week 0 market lines (repo ships MARKET LINES blank by design),52.5,,HOLD - ruling required,LIVE-ONLY DATA
MARKET LINES,F10,10,6,F,operational Week 0 market lines (repo ships MARKET LINES blank by design),FanDuel Sportsbook Week 0 odds,,HOLD - ruling required,LIVE-ONLY DATA
MARKET LINES,G10,10,7,G,operational Week 0 market lines (repo ships MARKET LINES blank by design),2026-08-26 00:00:00,,HOLD - ruling required,LIVE-ONLY DATA
MARKET LINES,H10,10,8,H,operational Week 0 market lines (repo ships MARKET LINES blank by design),Retrieved 2026-08-26 09:18 ET from https://www.fanduel.com/research/college-football-week-0-schedule-betting-odds-for-every-game; prior Circa snapshot retained in K:L.,,HOLD - ruling required,LIVE-ONLY DATA
MARKET LINES,K10,10,11,K,operational Week 0 market lines (repo ships MARKET LINES blank by design),31.5,,HOLD - ruling required,LIVE-ONLY DATA
MARKET LINES,L10,10,12,L,operational Week 0 market lines (repo ships MARKET LINES blank by design),53.0,,HOLD - ruling required,LIVE-ONLY DATA
MARKET LINES,A11,11,1,A,operational Week 0 market lines (repo ships MARKET LINES blank by design),401864577,,HOLD - ruling required,LIVE-ONLY DATA
MARKET LINES,C11,11,3,C,operational Week 0 market lines (repo ships MARKET LINES blank by design),NDSU,,HOLD - ruling required,LIVE-ONLY DATA
MARKET LINES,D11,11,4,D,operational Week 0 market lines (repo ships MARKET LINES blank by design),7.5,,HOLD - ruling required,LIVE-ONLY DATA
MARKET LINES,E11,11,5,E,operational Week 0 market lines (repo ships MARKET LINES blank by design),46.5,,HOLD - ruling required,LIVE-ONLY DATA
MARKET LINES,F11,11,6,F,operational Week 0 market lines (repo ships MARKET LINES blank by design),FanDuel Sportsbook Week 0 odds,,HOLD - ruling required,LIVE-ONLY DATA
MARKET LINES,G11,11,7,G,operational Week 0 market lines (repo ships MARKET LINES blank by design),2026-08-26 00:00:00,,HOLD - ruling required,LIVE-ONLY DATA
MARKET LINES,H11,11,8,H,operational Week 0 market lines (repo ships MARKET LINES blank by design),Retrieved 2026-08-26 09:18 ET from https://www.fanduel.com/research/college-football-week-0-schedule-betting-odds-for-every-game; prior Circa snapshot retained in K:L.,,HOLD - ruling required,LIVE-ONLY DATA
MARKET LINES,K11,11,11,K,operational Week 0 market lines (repo ships MARKET LINES blank by design),7.0,,HOLD - ruling required,LIVE-ONLY DATA
MARKET LINES,L11,11,12,L,operational Week 0 market lines (repo ships MARKET LINES blank by design),47.5,,HOLD - ruling required,LIVE-ONLY DATA
MARKET LINES,A12,12,1,A,operational Week 0 market lines (repo ships MARKET LINES blank by design),401866408,,HOLD - ruling required,LIVE-ONLY DATA
MARKET LINES,C12,12,3,C,operational Week 0 market lines (repo ships MARKET LINES blank by design),EMU,,HOLD - ruling required,LIVE-ONLY DATA
MARKET LINES,D12,12,4,D,operational Week 0 market lines (repo ships MARKET LINES blank by design),9.5,,HOLD - ruling required,LIVE-ONLY DATA
MARKET LINES,E12,12,5,E,operational Week 0 market lines (repo ships MARKET LINES blank by design),52.5,,HOLD - ruling required,LIVE-ONLY DATA
MARKET LINES,F12,12,6,F,operational Week 0 market lines (repo ships MARKET LINES blank by design),FanDuel Sportsbook Week 0 odds,,HOLD - ruling required,LIVE-ONLY DATA
MARKET LINES,G12,12,7,G,operational Week 0 market lines (repo ships MARKET LINES blank by design),2026-08-26 00:00:00,,HOLD - ruling required,LIVE-ONLY DATA
MARKET LINES,H12,12,8,H,operational Week 0 market lines (repo ships MARKET LINES blank by design),Retrieved 2026-08-26 09:18 ET from https://www.fanduel.com/research/college-football-week-0-schedule-betting-odds-for-every-game; prior Circa snapshot retained in K:L.,,HOLD - ruling required,LIVE-ONLY DATA
MARKET LINES,K12,12,11,K,operational Week 0 market lines (repo ships MARKET LINES blank by design),8.5,,HOLD - ruling required,LIVE-ONLY DATA
MARKET LINES,L12,12,12,L,operational Week 0 market lines (repo ships MARKET LINES blank by design),52.5,,HOLD - ruling required,LIVE-ONLY DATA
MARKET LINES,A13,13,1,A,operational Week 0 market lines (repo ships MARKET LINES blank by design),401862693,,HOLD - ruling required,LIVE-ONLY DATA
MARKET LINES,C13,13,3,C,operational Week 0 market lines (repo ships MARKET LINES blank by design),UNLV,,HOLD - ruling required,LIVE-ONLY DATA
MARKET LINES,D13,13,4,D,operational Week 0 market lines (repo ships MARKET LINES blank by design),4.5,,HOLD - ruling required,LIVE-ONLY DATA
MARKET LINES,E13,13,5,E,operational Week 0 market lines (repo ships MARKET LINES blank by design),56.5,,HOLD - ruling required,LIVE-ONLY DATA
MARKET LINES,F13,13,6,F,operational Week 0 market lines (repo ships MARKET LINES blank by design),FanDuel Sportsbook Week 0 odds,,HOLD - ruling required,LIVE-ONLY DATA
MARKET LINES,G13,13,7,G,operational Week 0 market lines (repo ships MARKET LINES blank by design),2026-08-26 00:00:00,,HOLD - ruling required,LIVE-ONLY DATA
MARKET LINES,H13,13,8,H,operational Week 0 market lines (repo ships MARKET LINES blank by design),Retrieved 2026-08-26 09:18 ET from https://www.fanduel.com/research/college-football-week-0-schedule-betting-odds-for-every-game; prior Circa snapshot retained in K:L.,,HOLD - ruling required,LIVE-ONLY DATA
MARKET LINES,K13,13,11,K,operational Week 0 market lines (repo ships MARKET LINES blank by design),6.5,,HOLD - ruling required,LIVE-ONLY DATA
MARKET LINES,L13,13,12,L,operational Week 0 market lines (repo ships MARKET LINES blank by design),57.0,,HOLD - ruling required,LIVE-ONLY DATA
QB VALUES,C6,6,3,C,Alabama,,Keelon Russell,OVERWRITE with v0.8.8,QB ACTIVATION
QB VALUES,D6,6,4,D,Alabama,,0,OVERWRITE with v0.8.8,QB ACTIVATION
QB VALUES,F6,6,6,F,Alabama,,0,OVERWRITE with v0.8.8,QB ACTIVATION
QB VALUES,H6,6,8,H,Alabama,L,H,OVERWRITE with v0.8.8,QB ACTIVATION
QB VALUES,I6,6,9,I,Alabama,Sports Illustrated (https://www.si.com/college-football/projecting-every-sec-starting-quarterback-2026-college-football-season),"CBS Sports / USA TODAY, 2026-08-22 (https://www.cbssports.com/college-football/news/alabama-keelon-russell-starting-qb-battle-austin-mack-kalen-deboer-sec/)",OVERWRITE with v0.8.8,QB ACTIVATION
QB VALUES,K6,6,11,K,Alabama,2026-08-04 00:00:00,2026-08-24 00:00:00,OVERWRITE with v0.8.8,QB ACTIVATION
QB VALUES,L6,6,12,L,Alabama,"VERIFIED 7D.5 2026-08-04: CBS Sports fall-camp QB intel (2026-08-04) confirms the entry - Keelon Russell (2nd-year freshman, former No. 2 overall recruit) vs Austin Mack (RS junior, system experience). Russell only SLIGHTLY favored (characterized as 55-45 to 60-40); status UNDECIDED with the competition ongoing into fall camp; 'Russell will have to improve his consistency' to secure the job. Genuine competition, no leader established by the staff -> L retained; values blank; UNCERTAIN.","2026-08-24 ACTIVATED, confidence H. Head coach Kalen DeBoer selected Keelon Russell over Austin Mack after the second fall scrimmage; the decision was confirmed on 2026-08-22 by USA TODAY Sports and carried by CBS Sports as 'Alabama names Keelon Russell starting QB'. A head-coach decision made and communicated, reported by multiple national outlets. Supersedes the 2026-08-19 authoritative update, which recorded the race as ongoing as of its 2026-08-14 check. Baseline and active values are 0/0 under the deviation-only convention: QB VALUES!G = F - D, so 0 - 0 = 0 and ENGINE!M contributes exactly nothing to any game. The zeros do not rate the quarterback - they record that the active starter IS the quarterback the preseason rating already assumed, so no deviation applies. No nonzero QB adjustment and no model change.",OVERWRITE with v0.8.8,QB ACTIVATION
QB VALUES,D7,7,4,D,Arkansas,,0,OVERWRITE with v0.8.8,QB ACTIVATION
QB VALUES,E7,7,5,E,Arkansas,Open (KJ Jackson / AJ Hill),KJ Jackson,OVERWRITE with v0.8.8,QB ACTIVATION
QB VALUES,F7,7,6,F,Arkansas,,0,OVERWRITE with v0.8.8,QB ACTIVATION
QB VALUES,H7,7,8,H,Arkansas,L,H,OVERWRITE with v0.8.8,QB ACTIVATION
QB VALUES,I7,7,9,I,Arkansas,Sports Illustrated (https://www.si.com/college-football/projecting-every-sec-starting-quarterback-2026-college-football-season),Yahoo Sports / Whole Hog Sports 2026-08-24 (https://sports.yahoo.com/articles/why-arkansas-football-chose-kj-091055884.html),OVERWRITE with v0.8.8,QB ACTIVATION
QB VALUES,K7,7,11,K,Arkansas,2026-08-03 00:00:00,2026-08-25 00:00:00,OVERWRITE with v0.8.8,QB ACTIVATION
QB VALUES,L7,7,12,L,Arkansas,"DEFECT CORRECTED 2026-08-03: prior entry asserted KJ Jackson as likely starter (M). HC Ryan Silverfield (Whole Hog Sports, 2026-08-03) says the KJ Jackson vs AJ Hill battle 'could last until the Sept. 5 opener vs North Alabama'; he and OC Tim Cramsey called it 'wide open' in February. Jackson: RS-So, 4-star 2024, 33/54 441yds 3TD 0INT in 2025. Hill: RS-Fr, Memphis transfer (followed Silverfield), 4-star 2025, two years in Cramsey's system. Genuine open competition -> L. Numerical zeros CLEARED to blank per the approved Akron consistency methodology.","2026-08-25 ACTIVATED, confidence L -> H. Arkansas made the decision official on Sunday 2026-08-23 - 'the Hogs made things official on Sunday, Aug. 23, labeling Jackson as the starter' - with HC Ryan Silverfield on the record: 'Ultimately, it came down to the actual situational football', citing Jackson's slight edge in two-minute and situational work. KJ Jackson beat out Memphis transfer AJ Hill after they split first-team reps through 14 fall camp practices. H because this is a first-party team announcement plus a named head-coach rationale. Braden Fuller appeared in the spring game and is NOT part of the starting competition. DEVIATION IS EXACTLY ZERO AND VERIFIED: KJ Jackson was ALREADY the recorded baseline quarterback in column C before this activation, which is therefore NOT rewritten. INDEPENDENTLY CORROBORATED BY THE WORKBOOK: the reported North Alabama opener matches IMPORT SCHEDULE exactly (wk1 2026-09-05 North Alabama Lions @ Arkansas Razorbacks). Baseline and active values are 0/0 under the deviation-only convention: QB VALUES!G = F - D, so 0 - 0 = 0 and ENGINE!M contributes exactly nothing to any game. The zeros do not rate the quarterback - they record that the active starter IS the quarterback the preseason rating already assumed, so no deviation applies. No nonzero QB adjustment and no model change.",OVERWRITE with v0.8.8,QB ACTIVATION
QB VALUES,C9,9,3,C,Florida,,Aaron Philo,OVERWRITE with v0.8.8,QB ACTIVATION
QB VALUES,D9,9,4,D,Florida,,0,OVERWRITE with v0.8.8,QB ACTIVATION
QB VALUES,F9,9,6,F,Florida,,0,OVERWRITE with v0.8.8,QB ACTIVATION
QB VALUES,H9,9,8,H,Florida,L,H,OVERWRITE with v0.8.8,QB ACTIVATION
QB VALUES,I9,9,9,I,Florida,Sports Illustrated (https://www.si.com/college-football/projecting-every-sec-starting-quarterback-2026-college-football-season),Official Florida Athletics 2026-08-24 (https://floridagators.com/news/2026/8/24/football-philo-moves-to-top-of-qb-depth-chart-aug-24-2026); HC Jon Sumrall announcement via The Independent Florida Alligator (https://www.alligator.org/article/2026/08/aaron-philo-starting-quarterback),OVERWRITE with v0.8.8,QB ACTIVATION
QB VALUES,K9,9,11,K,Florida,2026-08-04 00:00:00,2026-08-25 00:00:00,OVERWRITE with v0.8.8,QB ACTIVATION
QB VALUES,L9,9,12,L,Florida,"VERIFIED 7D.5 2026-08-04: CBS Sports fall-camp intel (2026-08-04) confirms an open competition - Aaron Philo (Georgia Tech transfer, reunited with OC Buster Faulkner) vs Tramell Jones (RS freshman). Philo is FAVORED and 'holds the edge entering fall camp' on the strength of a more consistent spring, but NO starter has been named and the competition is live. Under the 7D.5 rule that a starter must not be inferred from a preseason projection, a media 'edge' characterization without a staff naming does not clear the M bar -> L retained (consistent with the Colorado State treatment); values blank; UNCERTAIN. RECHECK: Florida depth chart.","2026-08-25 ACTIVATED, confidence L -> H. HC Jon Sumrall publicly announced Aaron Philo as the starting quarterback on Monday 2026-08-24, and the OFFICIAL Florida Athletics site published 'Philo Moves to Top of QB Depth Chart' the same day. Sumrall on the record: 'Philo will get the lion's share of reps with the ones as we start to try to create cohesion within our football team to be ready for game one', adding 'I thought he protected the football, made good decisions Saturday.' Philo, a Georgia Tech transfer reunited with OC Buster Faulkner, beat out RS freshman Tramell Jones Jr. H because this is an official team release PLUS a head-coach announcement. RECORDED CAVEAT: Sumrall also said 'I talked to Aaron this is not an anointing. (This) is not some permanent, you're the starter forever' - a caution about permanence, not a hedge on who starts Week 1. SUPERSEDES the 2026-08-04 entry. BASELINE MATCH: that entry already recorded Philo as FAVORED, holding 'the edge entering fall camp'. INDEPENDENTLY CORROBORATED BY THE WORKBOOK: the reported FAU debut matches IMPORT SCHEDULE exactly (wk1 2026-09-05 Florida Atlantic Owls @ Florida Gators). Baseline and active values are 0/0 under the deviation-only convention: QB VALUES!G = F - D, so 0 - 0 = 0 and ENGINE!M contributes exactly nothing to any game. The zeros do not rate the quarterback - they record that the active starter IS the quarterback the preseason rating already assumed, so no deviation applies. No nonzero QB adjustment and no model change.",OVERWRITE with v0.8.8,QB ACTIVATION
QB VALUES,C18,18,3,C,Tennessee,,Faizon Brandon,OVERWRITE with v0.8.8,QB ACTIVATION
QB VALUES,D18,18,4,D,Tennessee,,0,OVERWRITE with v0.8.8,QB ACTIVATION
QB VALUES,F18,18,6,F,Tennessee,,0,OVERWRITE with v0.8.8,QB ACTIVATION
QB VALUES,H18,18,8,H,Tennessee,L,H,OVERWRITE with v0.8.8,QB ACTIVATION
QB VALUES,I18,18,9,I,Tennessee,Sports Illustrated (https://www.si.com/college-football/projecting-every-sec-starting-quarterback-2026-college-football-season),"Syndicated wire report, 2026-08-24 (https://ticket760.iheart.com/content/2026-08-24-volunteers-name-true-freshman-starting-qb/)",OVERWRITE with v0.8.8,QB ACTIVATION
QB VALUES,K18,18,11,K,Tennessee,2026-08-04 00:00:00,2026-08-24 00:00:00,OVERWRITE with v0.8.8,QB ACTIVATION
QB VALUES,L18,18,12,L,Tennessee,"VERIFIED 7D.5 2026-08-04: CBS Sports fall-camp intel (2026-08-04) confirms the entry - Faizon Brandon (five-star true freshman) vs George MacIntyre (RS, most system time). Brandon is FAVORED and impressed evaluators ('This kid's got moxie... confidence'), but the competition is UNDECIDED entering fall camp. Genuine competition -> L retained; values blank; UNCERTAIN.","2026-08-24 ACTIVATED, confidence H. Head coach Josh Heupel announced Faizon Brandon as the starting quarterback in a team meeting on Monday 2026-08-24, over George MacIntyre and Colorado transfer Ryan Staub. Brandon is Tennessee's first true freshman to start a season opener since 2004. Formal team announcement. This naming post-dates the 2026-08-19 authoritative update, which recorded an either/or starter as of its 2026-08-18 check. Baseline and active values are 0/0 under the deviation-only convention: QB VALUES!G = F - D, so 0 - 0 = 0 and ENGINE!M contributes exactly nothing to any game. The zeros do not rate the quarterback - they record that the active starter IS the quarterback the preseason rating already assumed, so no deviation applies. No nonzero QB adjustment and no model change.",OVERWRITE with v0.8.8,QB ACTIVATION
QB VALUES,E21,21,5,E,Vanderbilt,Jared Curtis,Open (Jared Curtis / Blaze Berlowitz / Whit Muschamp),OVERWRITE with v0.8.8,QB RECORD CORRECTION
QB VALUES,I21,21,9,I,Vanderbilt,Sports Illustrated (https://www.si.com/college-football/projecting-every-sec-starting-quarterback-2026-college-football-season),"On3 + SI Vanderbilt + WSMV fall-camp reporting, 2026-08 (https://www.wsmv.com/2026/08/05/quarterback-competition-continues-dores-open-practice/)",OVERWRITE with v0.8.8,QB RECORD CORRECTION
QB VALUES,K21,21,11,K,Vanderbilt,2026-08-04 00:00:00,2026-08-25 00:00:00,OVERWRITE with v0.8.8,QB RECORD CORRECTION
QB VALUES,L21,21,12,L,Vanderbilt,"VERIFIED 7D.5 2026-08-04 - CLOSES THE PHASE 8.3 FAILED RE-VERIFICATION: CBS Sports fall-camp intel (2026-08-04) confirms the entry - Jared Curtis (No. 2 overall recruit, true freshman) vs Blaze Berlowitz (veteran who backed up Diego Pavia in 2025). Curtis is FAVORED, with staff saying 'He's as good as we hoped he'd be', but the competition REMAINS OPEN and undecided entering fall camp. Genuine competition -> L retained; values blank; UNCERTAIN. Vanderbilt's record is now substantiated in-workbook for the first time.","VERIFIED 7D.5 2026-08-04 - CLOSES THE PHASE 8.3 FAILED RE-VERIFICATION: CBS Sports fall-camp intel (2026-08-04) confirms the entry - Jared Curtis (No. 2 overall recruit, true freshman) vs Blaze Berlowitz (veteran who backed up Diego Pavia in 2025). Curtis is FAVORED, with staff saying 'He's as good as we hoped he'd be', but the competition REMAINS OPEN and undecided entering fall camp. Genuine competition -> L retained; values blank; UNCERTAIN. Vanderbilt's record is now substantiated in-workbook for the first time. 2026-08-25 RECORD CORRECTION (data quality only; confidence L UNCHANGED, status remains UNCERTAIN, numerical values remain BLANK). The candidate field named Jared Curtis alone. The race is THREE-WAY - Jared Curtis, Blaze Berlowitz and Whit Muschamp - replacing Diego Pavia. Through 15 fall-camp practices the staff gave Curtis and Berlowitz every chance to separate and NEITHER DID. Curtis, the No. 1 QB in the 2026 class, is widely described as the favourite, but favourite is not named, and HC Clark Lea plans to name the starter PRIVATELY in the team room. RECHECK: Lea naming or a Week 1 depth chart.",OVERWRITE with v0.8.8,QB RECORD CORRECTION
QB VALUES,C29,29,3,C,Nebraska,,Anthony Colandrea,OVERWRITE with v0.8.8,QB ACTIVATION
QB VALUES,D29,29,4,D,Nebraska,,0,OVERWRITE with v0.8.8,QB ACTIVATION
QB VALUES,F29,29,6,F,Nebraska,,0,OVERWRITE with v0.8.8,QB ACTIVATION
QB VALUES,H29,29,8,H,Nebraska,L,H,OVERWRITE with v0.8.8,QB ACTIVATION
QB VALUES,I29,29,9,I,Nebraska,Sports Illustrated (Big Ten QB projections) (https://www.si.com/college-football/projecting-every-big-ten-starting-quarterback-ahead-of-2026-season),"HC Matt Rhule announcement 2026-08-22, reported 2026-08-24 (https://klin.com/2026/08/24/colandrea-named-starting-qb-for-opener/)",OVERWRITE with v0.8.8,QB ACTIVATION
QB VALUES,K29,29,11,K,Nebraska,2026-08-04 00:00:00,2026-08-25 00:00:00,OVERWRITE with v0.8.8,QB ACTIVATION
QB VALUES,L29,29,12,L,Nebraska,"VERIFIED 7D.5 2026-08-04: Nebraska added ANTHONY COLANDREA from the portal - the 2025 MOUNTAIN WEST PLAYER OF THE YEAR at UNLV (3,459 pass yds, 23 TD) - joining returner TJ Lateef. This confirms the entry's candidate list. No starter has been named and no staff statement establishing a leader was located; a high-profile transfer arriving is not by itself evidence of a settled job. -> L retained; values blank; UNCERTAIN. EVIDENCE NOTE: this is the thinnest of the 7D.5 confirmations - the transfer is documented, the competition's state is inferred from the absence of a naming. RECHECK: Nebraska depth chart.","2026-08-25 ACTIVATED, confidence L -> H. HC Matt Rhule announced on Saturday 2026-08-22 that Anthony Colandrea will be Nebraska's starting quarterback for the season opener against Ohio; multiple outlets carried it as 'Nebraska officially names starting quarterback'. Rhule said Daniel Kaelin and TJ Lateef continue to compete for the No. 2 role. H because this is a head-coach announcement, the same tier as Alabama/DeBoer, Tennessee/Heupel and Florida/Sumrall. SUPERSEDES the 2026-08-04 entry, which recorded no starter named. BASELINE MATCH: Colandrea, the 2025 Mountain West Player of the Year, was already the recorded active candidate. INDEPENDENTLY CORROBORATED BY THE WORKBOOK: the reported Ohio opener matches IMPORT SCHEDULE exactly (wk1 2026-09-05 Ohio Bobcats @ Nebraska Cornhuskers), which also cross-checks the Ohio activation on row 113. Baseline and active values are 0/0 under the deviation-only convention: QB VALUES!G = F - D, so 0 - 0 = 0 and ENGINE!M contributes exactly nothing to any game. The zeros do not rate the quarterback - they record that the active starter IS the quarterback the preseason rating already assumed, so no deviation applies. No nonzero QB adjustment and no model change.",OVERWRITE with v0.8.8,QB ACTIVATION
QB VALUES,C35,35,3,C,Rutgers,,Dylan Lonergan,OVERWRITE with v0.8.8,QB ACTIVATION
QB VALUES,D35,35,4,D,Rutgers,,0,OVERWRITE with v0.8.8,QB ACTIVATION
QB VALUES,E35,35,5,E,Rutgers,Dylan Lonergan (likely starter; AJ Surace competing),Dylan Lonergan,OVERWRITE with v0.8.8,QB ACTIVATION
QB VALUES,F35,35,6,F,Rutgers,,0,OVERWRITE with v0.8.8,QB ACTIVATION
QB VALUES,I35,35,9,I,Rutgers,Sports Illustrated (Big Ten QB projections) (https://www.si.com/college-football/projecting-every-big-ten-starting-quarterback-ahead-of-2026-season),ESPN / Pete Thamel via On3 The Knight Report + 247Sports 2026-08-24 (https://www.on3.com/sites/the-knight-report/news/rutgers-names-dylan-lonergan-starting-quarterback-for-2026/),OVERWRITE with v0.8.8,QB ACTIVATION
QB VALUES,K35,35,11,K,Rutgers,2026-08-03 00:00:00,2026-08-24 00:00:00,OVERWRITE with v0.8.8,QB ACTIVATION
QB VALUES,L35,35,12,L,Rutgers,"VERIFIED 2026-08-03: Dylan Lonergan (Boston College transfer, replacing Athan Kaliakmanis) is described as 'the likely starter, but Rutgers likes AJ Surace, too' - a clear leader with real competition -> M. Mixed 2025 record (upside vs Michigan State/Stanford/Georgia Tech; benched twice, 1 pass TD and 6 turnovers in six other FBS games) supports M rather than H. Per 7D.3 methodology, numerical values REMAIN BLANK on an L->M change (valuation unresolved), so status correctly stays UNCERTAIN.","2026-08-24 ACTIVATED, confidence M (UNCHANGED from M). ESPN's Pete Thamel reported that Rutgers named Dylan Lonergan its starting quarterback, won over AJ Surace after spring and fall camp; carried by On3/The Knight Report, 247Sports, Yahoo Sports and On the Banks. M rather than H because this is a reporter-sourced claim rather than a team or coach announcement, matching the precedent set when North Carolina and Georgia Southern were activated at M on Thamel sources reports. INDEPENDENTLY CORROBORATED BY THE WORKBOOK: reporting that Lonergan leads Rutgers into Week 1 against UMass matches IMPORT SCHEDULE exactly (wk1 2026-09-03 Massachusetts Minutemen @ Rutgers Scarlet Knights). Supersedes the 2026-08-03 SI projection entry, which recorded only 'likely starter'. BASELINE QB RECORDED IN COLUMN C AT ACTIVATION: the field was blank, and every OK row in the workbook carries a populated baseline quarterback, so Lonergan - named as the projected starter by the SI source the prior entry cited - is recorded as the baseline the preseason blend assumed. Baseline and active values are 0/0 under the deviation-only convention: QB VALUES!G = F - D, so 0 - 0 = 0 and ENGINE!M contributes exactly nothing to any game. The zeros do not rate the quarterback - they record that the active starter IS the quarterback the preseason rating already assumed, so no deviation applies. No nonzero QB adjustment and no model change.",OVERWRITE with v0.8.8,QB ACTIVATION
QB VALUES,E48,48,5,E,Kansas,Cole Ballard (leader; Isaiah Marshall competing),Open (Cole Ballard / Isaiah Marshall),OVERWRITE with v0.8.8,QB RECORD CORRECTION
QB VALUES,I48,48,9,I,Kansas,Sports Illustrated (Big 12 QB projections) (https://www.si.com/college-football/projecting-every-big-12-starting-quarterback-2026-college-football-season),"Yahoo Sports + WIBW fall-camp reporting, 2026-08 (https://www.wibw.com/2026/08/05/kus-quarterback-race-remains-open/)",OVERWRITE with v0.8.8,QB RECORD CORRECTION
QB VALUES,K48,48,11,K,Kansas,2026-08-03 00:00:00,2026-08-25 00:00:00,OVERWRITE with v0.8.8,QB RECORD CORRECTION
QB VALUES,L48,48,12,L,Kansas,"VERIFIED 2026-08-03: Cole Ballard 'MAY BE' Kansas's QB1 (SI headline wording) replacing Jalon Daniels, with real competition from Isaiah Marshall - Ballard the better thrower, Marshall the better runner; Kansas QBs described as 'totally fine with competition heading into camp.' Ballard confirmed on the official kuathletics.com roster. No naming by Lance Leipold located -> L retained. This confirms the Phase 7D.3 decision NOT to upgrade on a national projected-starter list alone. Values remain blank; UNCERTAIN.","VERIFIED 2026-08-03: Cole Ballard 'MAY BE' Kansas's QB1 (SI headline wording) replacing Jalon Daniels, with real competition from Isaiah Marshall - Ballard the better thrower, Marshall the better runner; Kansas QBs described as 'totally fine with competition heading into camp.' Ballard confirmed on the official kuathletics.com roster. No naming by Lance Leipold located -> L retained. This confirms the Phase 7D.3 decision NOT to upgrade on a national projected-starter list alone. Values remain blank; UNCERTAIN. 2026-08-25 RECORD CORRECTION (data quality only; confidence L UNCHANGED, status remains UNCERTAIN, numerical values remain BLANK). The candidate field described Cole Ballard as the LEADER; that framing is not supported. HC Lance Leipold: 'We're still in a very, very competitive quarterback battle right now. Both continue to do a lot of good things.' Ballard and Isaiah Marshall continue to split first-team reps and Leipold has set NO TIMETABLE, adding 'there's a very high probability that you'll see both quarterbacks play in games this year.' Rice transfer Chase Jenkins is in the room but is NOT carried in the active competition field, since Leipold's own remarks name only Ballard and Marshall. RECHECK: Leipold naming or a Week 1 depth chart.",OVERWRITE with v0.8.8,QB RECORD CORRECTION
QB VALUES,C69,69,3,C,Syracuse,,Steve Angeli,OVERWRITE with v0.8.8,QB ACTIVATION
QB VALUES,D69,69,4,D,Syracuse,,0,OVERWRITE with v0.8.8,QB ACTIVATION
QB VALUES,F69,69,6,F,Syracuse,,0,OVERWRITE with v0.8.8,QB ACTIVATION
QB VALUES,H69,69,8,H,Syracuse,L,H,OVERWRITE with v0.8.8,QB ACTIVATION
QB VALUES,I69,69,9,I,Syracuse,"Sports Illustrated (ACC QB projections, May 14 2026) (https://www.si.com/college-football/projecting-every-acc-starting-quarterback-2026-college-football-season)",Syracuse Athletics official camp preview 2026-08-04; position review 2026-08-17; per authoritative research update 2026-08-19. Corroborated: Spectrum Local News / AP 2026-08-19 (https://spectrumlocalnews.com/nys/central-ny/news/2026/08/19/with-qb-steve-angeli-healthy--fran-brown-coached-syracuse-seeks-to-rebound-from-3-9-season),OVERWRITE with v0.8.8,QB ACTIVATION
QB VALUES,K69,69,11,K,Syracuse,2026-08-04 00:00:00,2026-08-24 00:00:00,OVERWRITE with v0.8.8,QB ACTIVATION
QB VALUES,L69,69,12,L,Syracuse,"VERIFIED 7D.5 2026-08-04: Steve Angeli (Notre Dame transfer) says he is 'FULL GO' with 'no restrictions' ahead of training camp after the 2025 ACHILLES injury that ended his season - but the same reporting frames it as 'ANOTHER QB BATTLE', and Syracuse overhauled the room in the offseason (incl. Kennesaw State transfer Amari Odom). A quarterback returning from an Achilles tear into an acknowledged battle is not a settled job -> L retained; values blank; UNCERTAIN. RECHECK: Syracuse depth chart or a Fran Brown naming.","2026-08-24 ACTIVATED (RETAINED QB1), confidence H. Angeli's 2025 starting job carried into 2026: the official Syracuse Athletics camp preview (2026-08-04) has him healthy and returning, and the 2026-08-17 position review records that the starting job has remained his with the live competition being for the BACKUP role. Qualifies under the governing rule's 'unequivocally retained incumbent' clause; absence of a new annual depth chart is not a reversal. CORRECTS the 2026-08-24 Rev 1 review, which classified this UNRESOLVED because it applied a formal-naming test and lacked the official team source. HEALTH MONITOR (separate from competition status): post-Achilles recovery from the 2025 season; monitor availability, not the job. Baseline and active values are 0/0 under the deviation-only convention: QB VALUES!G = F - D, so 0 - 0 = 0 and ENGINE!M contributes exactly nothing to any game. The zeros do not rate the quarterback - they record that the active starter IS the quarterback the preseason rating already assumed, so no deviation applies. No nonzero QB adjustment and no model change.",OVERWRITE with v0.8.8,QB ACTIVATION
QB VALUES,E74,74,5,E,Colorado State,Hauss Hejny (K'saan Farrar competing),Hauss Hejny vs. K'saan Farrar,OVERWRITE with v0.8.8,QB RECORD CORRECTION
QB VALUES,K74,74,11,K,Colorado State,2026-08-03 00:00:00,2026-08-24 00:00:00,OVERWRITE with v0.8.8,QB RECORD CORRECTION
QB VALUES,L74,74,12,L,Colorado State,"VERIFIED 2026-08-03: Hauss Hejny is Colorado State's projected starter but is LOCKED IN A BATTLE with UConn transfer K'saan Farrar that is expected to LAST INTO FALL CAMP. Genuine unresolved competition -> L retained; entry refined. (Context: CSU's 2026 HC is Jim Mora, who left UConn - see the 7D.3A UConn finding.)","VERIFIED 2026-08-03: Hauss Hejny is Colorado State's projected starter but is LOCKED IN A BATTLE with UConn transfer K'saan Farrar that is expected to LAST INTO FALL CAMP. Genuine unresolved competition -> L retained; entry refined. (Context: CSU's 2026 HC is Jim Mora, who left UConn - see the 7D.3A UConn finding.) RULING 2026-08-24: active competition field standardised to ""Hauss Hejny vs. K'saan Farrar"". Confidence L and status UNCERTAIN are UNCHANGED - this is a record correction only, with no numerical entry and no model effect. The active competition field is limited to these two quarterbacks; no third quarterback is carried in it.",OVERWRITE with v0.8.8,QB RECORD CORRECTION
QB VALUES,I75,75,9,I,Fresno State,"Fresno State Athletics / KMPH, 2026-08-10/11 (https://gobulldogs.com/news/2026/8/10/football-fall-camp-practice-6-hc-matt-entz-jayden-mandal-khristian-martin ; https://kmph.com/sports/content/clovis-native-mandal-battles-martin-for-fresno-state-starting-qb-job)","Authoritative research update 2026-08-19; 247Sports fall-camp report, August 2026 (https://247sports.com/college/fresno-state/article/fresno-state-quarterback-battle-unfolding-at-fall-camp-updates-from-qbs-khristian-martin-jayden-mandal-matt-entz-288830583/)",OVERWRITE with v0.8.8,QB RECORD CORRECTION
QB VALUES,K75,75,11,K,Fresno State,2026-08-21 00:00:00,2026-08-24 00:00:00,OVERWRITE with v0.8.8,QB RECORD CORRECTION
QB VALUES,L75,75,12,L,Fresno State,2026-08-21 FINAL QB VERIFICATION: Current reporting shows a two-way competition between Khristian Martin (Maryland transfer) and Jayden Mandal (2025 backup). Braden Atkinson is no longer at Fresno State and is listed on Oregon State's roster; the prior three-way description was stale. Retain L/UNCERTAIN. RECHECK: Matt Entz naming or official Week 1 depth chart.,"2026-08-24 RECORD CORRECTION (data quality only; confidence L UNCHANGED, status remains UNCERTAIN, numerical values remain BLANK). The candidate field read 'Open (three-way battle into August)', which is stale. The current race is a TWO-MAN contest: Khristian Martin (Maryland transfer) vs Jayden Mandal (2025 backup); Matt Entz has named no winner. BRADEN ATKINSON IS AT OREGON STATE, NOT FRESNO STATE - he is correctly carried on Oregon State row 76 and was never present in this field. RECHECK: Entz naming or a Week 1 depth chart.",OVERWRITE with v0.8.8,QB RECORD CORRECTION
QB VALUES,C76,76,3,C,Oregon State,,Maalik Murphy,OVERWRITE with v0.8.8,QB RECORD CORRECTION
QB VALUES,E76,76,5,E,Oregon State,Maalik Murphy (leader; Braden Atkinson pushing),Braden Atkinson,OVERWRITE with v0.8.8,QB RECORD CORRECTION
QB VALUES,I76,76,9,I,Oregon State,Athlon/ESPN/CBS Pac-12 2026 previews (https://www.espn.com/college-football/story/_/id/48892618/2026-college-football-pac-12-conference-preview-predictions-transfers-more),ESPN / Pete Thamel via Columbia County Spotlight + Portland Tribune 2026-08-24 (https://columbiacountyspotlight.com/2026/08/24/oregon-state-names-braden-atkinson-starting-qb/),OVERWRITE with v0.8.8,QB RECORD CORRECTION
QB VALUES,K76,76,11,K,Oregon State,2026-08-03 00:00:00,2026-08-25 00:00:00,OVERWRITE with v0.8.8,QB RECORD CORRECTION
QB VALUES,L76,76,12,L,Oregon State,"VERIFIED 2026-08-03 (with documented tension): SI headline reports ex-Texas QB Maalik Murphy NAMED STARTER at Oregon State, while SI's Pac-12 QB tiers describe Murphy with 'a slight upper hand' and a young FCS transfer 'right on his tail in fall camp.' Both agree Murphy LEADS. Clear leader -> L upgraded to M (NOT H, because the naming claim is contradicted by active-competition language). Per the L->M rule values REMAIN BLANK; status stays UNCERTAIN. RECHECK: official Oregon State depth chart.","2026-08-25 RECORD CORRECTION - STARTER CHANGED, VALUATION DEFERRED (confidence M UNCHANGED, numerical values REMAIN BLANK, status stays UNCERTAIN). ESPN's Pete Thamel reported 2026-08-24 that Oregon State named BRADEN ATKINSON its starting quarterback for week one at Houston; Atkinson, a Mercer transfer and the reigning Jerry Rice Award winner, beat out incumbent MAALIK MURPHY and Brady Jones. A local report adds that the Oregon State football account subsequently confirmed it, but that first-party act is secondhand and is NOT relied on -> M, not H. SUPERSEDES the 2026-08-03 entry, which recorded Murphy as the leader. BASELINE MISMATCH - THE REASON NO ZEROS ARE WRITTEN: this is the first row in the project where the named starter is NOT the quarterback the preseason blend assumed. Column C preserves MAALIK MURPHY as the preseason baseline because the preseason rating priced Oregon State with Murphy, its returning starter. Writing 0/0 would assert that the Murphy-to-Atkinson change is worth exactly zero, which is a valuation claim the deviation-only convention was never intended to carry. Values therefore REMAIN BLANK and the row stays UNCERTAIN pending the QB-value rubric. INDEPENDENTLY CORROBORATED BY THE WORKBOOK: the reported week-one game at Houston matches IMPORT SCHEDULE exactly (wk1 2026-09-05 Oregon State Beavers @ Houston Cougars, TDECU Stadium). RECHECK: official Oregon State depth chart, and the QB-value rubric.",OVERWRITE with v0.8.8,QB RECORD CORRECTION
QB VALUES,D80,80,4,D,Washington State,,0,OVERWRITE with v0.8.8,QB ACTIVATION
QB VALUES,E80,80,5,E,Washington State,Open (Caden Pinnick / Owen Eshelman / Julian Dugger),Caden Pinnick,OVERWRITE with v0.8.8,QB ACTIVATION
QB VALUES,F80,80,6,F,Washington State,,0,OVERWRITE with v0.8.8,QB ACTIVATION
QB VALUES,H80,80,8,H,Washington State,L,H,OVERWRITE with v0.8.8,QB ACTIVATION
QB VALUES,I80,80,9,I,Washington State,Athlon/ESPN Pac-12 (https://athlonsports.com/college-football/pac-12-football-2026-predictions),Washington State official team announcement (@WSUCougarFB) via Spokesman-Review 2026-08-24 (https://www.spokesman.com/stories/2026/aug/24/uc-davis-transfer-caden-pinnick-to-start-at-qb-for/),OVERWRITE with v0.8.8,QB ACTIVATION
QB VALUES,K80,80,11,K,Washington State,2026-08-04 00:00:00,2026-08-24 00:00:00,OVERWRITE with v0.8.8,QB ACTIVATION
QB VALUES,L80,80,12,L,Washington State,"DEFECT CORRECTED 7D.4A, RE-VERIFIED 7D.5 2026-08-04: prior entry asserted Caden Pinnick as projected QB1 (M). HeraldNet 2026-07-30: WSU 'set to open fall camp with WIDE-OPEN QB competition'; The Columbian 2026-08-01: quarterback situation 'UNRESOLVED'; first-year HC Kirby Moore declined to commit - 'That's gonna continue through the summer'; the Spokesman-Review beat reports Pinnick 'WASN'T ABLE TO CREATE MEANINGFUL SEPARATION FROM ESHELMAN' in spring, and staff may keep the decision in-house until kickoff. CORROBORATED IN 7D.5 by the official transfer ledger: Pinnick IN from UC Davis; Jaxon Potter OUT to Old Dominion and Ajani Sheppard OUT to Temple (both appear as competitors in those teams' records); new OC Matt Miller. Three-way with Owen Eshelman and Julian Dugger, no leader -> L; zeros CLEARED to blank; UNCERTAIN. Camp opened 2026-08-06.","2026-08-24 ACTIVATED, confidence L -> H. Washington State announced Caden Pinnick as QB1; the program posted the announcement from @WSUCougarFB on the afternoon of 2026-08-24, reported by the Spokesman-Review: 'The Cougars will start UC Davis transfer Caden Pinnick, the program announced on social media Monday afternoon.' H rather than M because this is a FIRST-PARTY TEAM ANNOUNCEMENT, not a reporter-sourced claim - a tier above the Georgia Southern / North Carolina / Rutgers precedent. Resolves the three-way competition with Owen Eshelman and Julian Dugger and satisfies the deadline HC Kirby Moore set publicly on 2026-08-06 ('by Aug. 24') and restated 2026-08-21 ('by Monday'). Supersedes the 2026-08-04 defect-corrected entry, which recorded a wide-open camp battle with no leader. INDEPENDENTLY CORROBORATED BY THE WORKBOOK: the report that WSU opens Sept. 6 at Washington matches IMPORT SCHEDULE exactly (wk1 2026-09-06 Washington State Cougars @ Washington Huskies). DEVIATION IS EXACTLY ZERO AND VERIFIED: Pinnick was ALREADY the recorded baseline quarterback in column C before this activation, so the announced starter and the preseason assumption are the same player and no deviation applies. Baseline and active values are 0/0 under the deviation-only convention: QB VALUES!G = F - D, so 0 - 0 = 0 and ENGINE!M contributes exactly nothing to any game. The zeros do not rate the quarterback - they record that the active starter IS the quarterback the preseason rating already assumed, so no deviation applies. No nonzero QB adjustment and no model change.",OVERWRITE with v0.8.8,QB ACTIVATION
QB VALUES,E85,85,5,E,Memphis,Marcus Stokes,Marcus Stokes / Air Noland; decision withheld until kickoff.,OVERWRITE with v0.8.8,QB RECORD CORRECTION
QB VALUES,I85,85,9,I,Memphis,Underdog Dynasty/Yahoo (American 2026 QB projections) (https://sports.yahoo.com/articles/projecting-14-american-starting-qbs-150000080.html),"Daily Memphian / Yahoo Sports beat reporting, 2026-08-24 (https://sports.yahoo.com/articles/charles-huff-name-starting-quarterback-012920149.html)",OVERWRITE with v0.8.8,QB RECORD CORRECTION
QB VALUES,K85,85,11,K,Memphis,2026-08-04 00:00:00,2026-08-25 00:00:00,OVERWRITE with v0.8.8,QB RECORD CORRECTION
QB VALUES,L85,85,12,L,Memphis,VERIFIED 7D.5 2026-08-04: Memphis's quarterback battle is 'CLOSE and will likely be one of the LATER ONES SETTLED in the American.' FIRST-YEAR HC CHARLES HUFF must choose between two transfers with contrasting backgrounds - Marcus Stokes and Air Noland. No starter named -> L retained; values blank; UNCERTAIN. Entry corroborated.,"VERIFIED 7D.5 2026-08-04: Memphis's quarterback battle is 'CLOSE and will likely be one of the LATER ONES SETTLED in the American.' FIRST-YEAR HC CHARLES HUFF must choose between two transfers with contrasting backgrounds - Marcus Stokes and Air Noland. No starter named -> L retained; values blank; UNCERTAIN. Entry corroborated. 2026-08-25 RECORD CORRECTION (data quality only; confidence L UNCHANGED, status remains UNCERTAIN, numerical values remain BLANK). NO QUALIFYING PUBLIC SOURCE HAS NAMED A STARTER. The live competition remains MARCUS STOKES versus AIR NOLAND. HC Charles Huff intends to keep the decision private until kickoff: 'The team will know before you guys do. You guys won't know until they flip the coin.' UNOFFICIAL DEPTH CHARTS PLACING STOKES FIRST ARE INFERENCE ONLY and do not satisfy the activation rule; Stokes is NOT activated merely because he is the current best inference. Memphis plays at UNLV in Week 0 and MEMPHIS BEING UNRESOLVED IS WHY THAT GAME REMAINS QB-GATED. RECHECK TRIGGER: an official announcement, an official game-day depth chart, or the first offensive snap.",OVERWRITE with v0.8.8,QB RECORD CORRECTION
QB VALUES,C89,89,3,C,South Florida,,Michael Van Buren Jr.,OVERWRITE with v0.8.8,QB ACTIVATION
QB VALUES,D89,89,4,D,South Florida,,0,OVERWRITE with v0.8.8,QB ACTIVATION
QB VALUES,E89,89,5,E,South Florida,OPEN (Kromenhoek / Van Buren Jr. / Cooper),Michael Van Buren Jr.,OVERWRITE with v0.8.8,QB ACTIVATION
QB VALUES,F89,89,6,F,South Florida,,0,OVERWRITE with v0.8.8,QB ACTIVATION
QB VALUES,H89,89,8,H,South Florida,L,M,OVERWRITE with v0.8.8,QB ACTIVATION
QB VALUES,I89,89,9,I,South Florida,Yahoo (USF lands portal QB) / Green Gold & Bold (https://sports.yahoo.com/articles/usf-lands-quarterback-transfer-portal-132621762.html),ESPN / Pete Thamel 2026-08-24 (https://www.saturdaydownsouth.com/news/college-football/former-sec-qb-michael-van-buren-wins-fbs-starting-job-per-report/),OVERWRITE with v0.8.8,QB ACTIVATION
QB VALUES,K89,89,11,K,South Florida,2026-08-04 00:00:00,2026-08-25 00:00:00,OVERWRITE with v0.8.8,QB ACTIVATION
QB VALUES,L89,89,12,L,South Florida,"VERIFIED 7D.5 2026-08-04: USF's competition is between LSU transfer MICHAEL VAN BUREN JR. and Mississippi State transfer LUKE KROMENHOEK, both named in the entry. Van Buren 'seems to have the edge' on slightly more game experience, but that is a preseason projection, not a staff decision, and no naming was located -> L retained under the 7D.5 rule; values blank; UNCERTAIN. USF training camp opened 2026-08-05. RECHECK: USF depth chart.","2026-08-25 ACTIVATED, confidence L -> M. ESPN's Pete Thamel, 2026-08-24: 'Sources: USF has named Michael Van Buren Jr. the school's starting quarterback.' Van Buren, a junior transfer from LSU and Mississippi State with 17 career games and 2,896 passing yards, beat out Luke Kromenhoek, Jayden Bradford and KJ Cooper. M rather than H because this is a reporter-sourced naming; a reported acknowledgment by USF Athletics could NOT be independently verified and is NOT relied on. Matches the precedent used for Georgia Southern, North Carolina, Rutgers, Tulane and Ohio. SUPERSEDES the 2026-08-04 entry, which recorded an open competition. BASELINE MATCH: that entry already recorded Van Buren as holding 'the edge' in the preseason projection. NOTE: 'Cooper' in the prior candidate field was KJ Cooper, a genuine competitor - the prior field was correct. INDEPENDENTLY CORROBORATED BY THE WORKBOOK: the reported FIU opener matches IMPORT SCHEDULE exactly (wk1 2026-09-05 Florida International Panthers @ South Florida Bulls). Baseline and active values are 0/0 under the deviation-only convention: QB VALUES!G = F - D, so 0 - 0 = 0 and ENGINE!M contributes exactly nothing to any game. The zeros do not rate the quarterback - they record that the active starter IS the quarterback the preseason rating already assumed, so no deviation applies. No nonzero QB adjustment and no model change.",OVERWRITE with v0.8.8,QB ACTIVATION
QB VALUES,C91,91,3,C,Tulane,,Zeon Chriss-Gremillion,OVERWRITE with v0.8.8,QB ACTIVATION
QB VALUES,D91,91,4,D,Tulane,,0,OVERWRITE with v0.8.8,QB ACTIVATION
QB VALUES,E91,91,5,E,Tulane,Open (Semonza / Chriss-Gremillion / Johnson / Bruno),Zeon Chriss-Gremillion,OVERWRITE with v0.8.8,QB ACTIVATION
QB VALUES,F91,91,6,F,Tulane,,0,OVERWRITE with v0.8.8,QB ACTIVATION
QB VALUES,H91,91,8,H,Tulane,L,M,OVERWRITE with v0.8.8,QB ACTIVATION
QB VALUES,I91,91,9,I,Tulane,"FOX 8 New Orleans, 2026-07-24 (https://www.fox8live.com/2026/07/24/four-qbs-battling-starting-spot-tulane/)","ESPN / Pete Thamel 2026-08-24, carried by On3 (https://www.on3.com/news/tulane-names-zeon-chriss-gremillion-starting-quarterback-for-2026/)",OVERWRITE with v0.8.8,QB ACTIVATION
QB VALUES,K91,91,11,K,Tulane,2026-08-21 00:00:00,2026-08-25 00:00:00,OVERWRITE with v0.8.8,QB ACTIVATION
QB VALUES,L91,91,12,L,Tulane,"2026-08-21 CLOSEOUT CORRECTION: Head coach Will Hall identified Kadin Semonza, Zeon Chriss-Gremillion, Trace Johnson and Dagan Bruno as the four quarterbacks competing, with all receiving reps; no starter has been named. Confidence remains L; numerical values remain blank and status remains UNCERTAIN. RECHECK: Hall naming or official Week 1 depth chart.","2026-08-25 ACTIVATED, confidence L -> M. ESPN's Pete Thamel reported 2026-08-24 that Tulane named Zeon Chriss-Gremillion its starting quarterback for the opener at Duke; he beat out Kadin Semonza. M rather than H because this is a reporter-sourced naming - no official Tulane depth chart or team release was located, and the naming PRECEDED the scheduled depth-chart release. Matches the precedent used for Georgia Southern, North Carolina, Rutgers, Ohio and South Florida. SUPERSEDES the 2026-08-21 record correction, which recorded a four-way camp battle. BASELINE MATCH: that entry already recorded that the job 'defaults to Chriss-Gremillion if no one separates'. INDEPENDENTLY CORROBORATED BY THE WORKBOOK: the reported Sept. 5 debut at Duke matches IMPORT SCHEDULE exactly (wk1 2026-09-05 Tulane Green Wave @ Duke Blue Devils). Baseline and active values are 0/0 under the deviation-only convention: QB VALUES!G = F - D, so 0 - 0 = 0 and ENGINE!M contributes exactly nothing to any game. The zeros do not rate the quarterback - they record that the active starter IS the quarterback the preseason rating already assumed, so no deviation applies. No nonzero QB adjustment and no model change.",OVERWRITE with v0.8.8,QB ACTIVATION
QB VALUES,C113,113,3,C,Ohio,,Nick Poulos,OVERWRITE with v0.8.8,QB ACTIVATION
QB VALUES,D113,113,4,D,Ohio,,0,OVERWRITE with v0.8.8,QB ACTIVATION
QB VALUES,E113,113,5,E,Ohio,Nick Poulos (leader; not yet named),Nick Poulos,OVERWRITE with v0.8.8,QB ACTIVATION
QB VALUES,F113,113,6,F,Ohio,,0,OVERWRITE with v0.8.8,QB ACTIVATION
QB VALUES,I113,113,9,I,Ohio,RotoWire MAC spring / Ohio Athletics (https://www.rotowire.com/cfootball/article/spring-practice-storylines-mid-american-conference-106501),ESPN / Pete Thamel 2026-08-22 (https://sports.yahoo.com/articles/nick-poulos-wins-ohio-starting-004242764.html),OVERWRITE with v0.8.8,QB ACTIVATION
QB VALUES,K113,113,11,K,Ohio,2026-08-03 00:00:00,2026-08-25 00:00:00,OVERWRITE with v0.8.8,QB ACTIVATION
QB VALUES,L113,113,12,L,Ohio,"VERIFIED 2026-08-03: HC John Hauser says Nick Poulos 'is still in the lead' for the starting job, but Ohio has no Week 1 starter named. Coach-described leader awaiting formal announcement -> M. Numerical values remain BLANK (no new value populated this phase), so status stays UNCERTAIN.","2026-08-25 ACTIVATED, confidence M (UNCHANGED from M). ESPN's Pete Thamel reported that Ohio named graduate student Nick Poulos its starting quarterback, announced Saturday 2026-08-22 by first-year HC John Hauser. M rather than H because this is a reporter-sourced naming rather than a team release carried first-party, matching the precedent used for Georgia Southern, North Carolina, Rutgers, Tulane and South Florida. SUPERSEDES the 2026-08-03 entry, which recorded Hauser calling Poulos 'still in the lead' with no Week 1 starter named. BASELINE MATCH: Poulos was already the coach-described leader, so the confirmed starter IS the quarterback the preseason rating assumed. INDEPENDENTLY CORROBORATED BY THE WORKBOOK: the report that Ohio opens week one in Lincoln against Nebraska matches IMPORT SCHEDULE exactly (wk1 2026-09-05 Ohio Bobcats @ Nebraska Cornhuskers). Baseline and active values are 0/0 under the deviation-only convention: QB VALUES!G = F - D, so 0 - 0 = 0 and ENGINE!M contributes exactly nothing to any game. The zeros do not rate the quarterback - they record that the active starter IS the quarterback the preseason rating already assumed, so no deviation applies. No nonzero QB adjustment and no model change.",OVERWRITE with v0.8.8,QB ACTIVATION
QB VALUES,I123,123,9,I,Northern Illinois,HERO Sports NIU quarterback report / NIU Athletics 2026 roster (https://herosports.com/fbs-prolific-fcs-quarterback-taron-tyger-dickens-win-starting-job-northern-illinois-rcrc/ ; https://niuhuskies.com/sports/football/roster/),HERO Sports NIU quarterback report (https://herosports.com/fbs-prolific-fcs-quarterback-taron-tyger-dickens-win-starting-job-northern-illinois-rcrc/),OVERWRITE with v0.8.8,QB RECORD CORRECTION
QB VALUES,L123,123,12,L,Northern Illinois,"2026-08-21 CLOSEOUT CORRECTION: Current reporting identifies a four-way competition among Brady Davidson, Jalen Macon, Ean Hamric and Taron Dickens; no starter has been named. The prior M record relied on a projection and cited a Mountain West preview for a MAC team. Thomas Hammock departed for the NFL; Rob Harley is interim head coach. Confidence reduced to L; numerical values remain blank and status remains UNCERTAIN. RECHECK: official Week 1 depth chart or team naming.","2026-08-21 REVERSES THE 2026-08-03 UPGRADE. That review raised L to M on the reasoning that the prior candidates 'Davidson / Macon / Hamric' did not appear in current NIU coverage and that Taron Dickens was widely expected to start. Current reporting contradicts that premise directly: coaches have NOT named a starter among returners Brady Davidson and Jalen Macon and transfers Ean Hamric and Taron Dickens — all four are named in current coverage. 'Widely expected to start' is a projection, not a naming, so M is not supported. M downgraded to L and the four-way candidate list restored. Also corrects a citation defect: the prior source was a MOUNTAIN WEST conference preview cited for a MAC team. Context: HC Thomas Hammock departed for the NFL; Rob Harley is interim head coach. Numerical values remain blank; status stays UNCERTAIN either way. RECHECK: Week 1 depth chart, opener 2026-09-05 at Iowa.",OVERWRITE with v0.8.8,QB RECORD CORRECTION
QB VALUES,D125,125,4,D,UNLV,,0,OVERWRITE with v0.8.8,QB ACTIVATION
QB VALUES,E125,125,5,E,UNLV,Open (Jackson Arnold / Alex Orji),Jackson Arnold,OVERWRITE with v0.8.8,QB ACTIVATION
QB VALUES,F125,125,6,F,UNLV,,0,OVERWRITE with v0.8.8,QB ACTIVATION
QB VALUES,H125,125,8,H,UNLV,L,M,OVERWRITE with v0.8.8,QB ACTIVATION
QB VALUES,I125,125,9,I,UNLV,ESPN (Arnold to UNLV) (https://www.espn.com/college-football/story/_/id/47539823/qb-jackson-arnold-headed-unlv-third-team-three-seasons),OWNER-CONFIRMED 2026-08-25 (operative starting quarterback). Public reporting contains NO formal QB1 announcement - Las Vegas Review-Journal / Fox5 Vegas: HC Dan Mullen says Jackson Arnold and Alex Orji will BOTH play and declines to name a starter. Prior source: ESPN (https://www.espn.com/college-football/story/_/id/47539823/qb-jackson-arnold-headed-unlv-third-team-three-seasons),OVERWRITE with v0.8.8,QB ACTIVATION
QB VALUES,K125,125,11,K,UNLV,2026-08-04 00:00:00,2026-08-25 00:00:00,OVERWRITE with v0.8.8,QB ACTIVATION
QB VALUES,L125,125,12,L,UNLV,"DEFECT CORRECTED 7D.5 2026-08-04: prior entry read 'projected transfer QB1 (verified)' (M) for the Oklahoma/Auburn transfer. The Las Vegas Review-Journal's training-camp preview (2026-07-28) reports a genuine unresolved battle: 'even if coaches won't name a front-runner throughout training camp, there is definitely a battle between returner ALEX ORJI and Auburn transfer JACKSON ARNOLD.' HC Dan Mullen has NOT named a starter, and Fox5 Vegas (2026-07-17) ran a segment on the still-open competition. Arnold brings 18 career starts, 3,293 pass yds and 871 rush yds across Oklahoma and Auburn; Orji must prove a Grade 3 LCL sprain and severe hamstring tear from the 2025 UCLA game have healed. The word 'verified' in the prior note was not supported by any naming. -> M downgraded to L; zeros CLEARED to blank; status becomes UNCERTAIN. Someone must start vs Memphis on 2026-08-29. RECHECK: UNLV depth chart.","2026-08-25 ACTIVATED, confidence L -> M. PROVENANCE IS OWNER-CONFIRMED, NOT AN OFFICIAL ANNOUNCEMENT: the owner confirms Jackson Arnold is the operative starting quarterback for Week 0. HC DAN MULLEN HAS NOT FORMALLY NAMED A STARTER - he says Arnold and Alex Orji will both play and has declined to name a front-runner throughout training camp. This entry must not be read as implying a formal QB1 announcement. M rather than H precisely because no team or coach naming exists. ALEX ORJI IS EXPECTED TO PLAY and remains in the quarterback room; Orji must also prove that a Grade 3 LCL sprain and severe hamstring tear from the 2025 UCLA game have healed. SUPERSEDES the 2026-08-04 defect-corrected entry, which recorded a genuine unresolved battle. DEVIATION IS EXACTLY ZERO AND VERIFIED: Jackson Arnold was ALREADY the recorded baseline quarterback in column C before this activation, which is therefore NOT rewritten - the operative starter and the preseason assumption are the same player. UNLV hosts Memphis in Week 0; MEMPHIS REMAINS UNRESOLVED, so that game stays QB-gated. RECHECK: official UNLV depth chart or a Mullen naming. Baseline and active values are 0/0 under the deviation-only convention: QB VALUES!G = F - D, so 0 - 0 = 0 and ENGINE!M contributes exactly nothing to any game. The zeros do not rate the quarterback - they record that the active starter IS the quarterback the preseason rating already assumed, so no deviation applies. No nonzero QB adjustment and no model change.",OVERWRITE with v0.8.8,QB ACTIVATION
QB VALUES,C131,131,3,C,Georgia Southern,,Max Johnson,OVERWRITE with v0.8.8,QB ACTIVATION
QB VALUES,D131,131,4,D,Georgia Southern,,0,OVERWRITE with v0.8.8,QB ACTIVATION
QB VALUES,E131,131,5,E,Georgia Southern,Max Johnson (leader; Turner Helton competing),Max Johnson,OVERWRITE with v0.8.8,QB ACTIVATION
QB VALUES,F131,131,6,F,Georgia Southern,,0,OVERWRITE with v0.8.8,QB ACTIVATION
QB VALUES,I131,131,9,I,Georgia Southern,ESPN/Athlon Sun Belt 2026 previews (https://www.espn.com/college-football/story/_/id/48759931/2026-sun-belt-conference-college-football-preview-predictions-every-team),"ESPN, 2026-08-23 (https://www.espn.com/college-football/story/_/id/49704180/max-johnson-start-quarterback-georgia-southern); Pete Thamel report (https://x.com/PeteThamel/status/2091599767289688141)",OVERWRITE with v0.8.8,QB ACTIVATION
QB VALUES,K131,131,11,K,Georgia Southern,2026-08-04 00:00:00,2026-08-24 00:00:00,OVERWRITE with v0.8.8,QB ACTIVATION
QB VALUES,L131,131,12,L,Georgia Southern,"STALE ENTRY CORRECTED 7D.4A, RE-VERIFIED 7D.5 2026-08-04: prior entry read 'Open (Weston Bryan / Turner Helton)' and OMITTED MAX JOHNSON ENTIRELY. Johnson signed from North Carolina on 2026-01-11 (previously LSU 2020-21, Texas A&M 2022-23), and at SUN BELT MEDIA DAYS (2026-07-15) HC CLAY HELTON SAID 'Max Johnson is expected to be the starter if the season began today,' citing experience and high-level production. Turner Helton (WKU transfer, the head coach's son; 14/26, 74 yds, 1 TD in 3 appearances in 2025) is the other player with a shot at the 2026-09-05 opener; both took first-team reps in the spring game. Documented leader by direct head-coach statement, no official naming -> M (not H). Per the L->M rule values REMAIN BLANK, so status correctly stays UNCERTAIN. OPEN RISK: Johnson's durability - season-ending injuries at Texas A&M in 2022 and 2023 and a broken leg in UNC's 2024 opener.","2026-08-24 ACTIVATED, confidence M (UNCHANGED from M). ESPN reported on 2026-08-23 that Max Johnson will start at quarterback for Georgia Southern; Pete Thamel: 'Sources: Georgia Southern has named veteran Max Johnson the school's starting quarterback.' M rather than H because this is a reporter-sourced claim rather than a team or coach announcement, matching the precedent set when North Carolina was activated at M on a Thamel sources report. INDEPENDENTLY CORROBORATED BY THE WORKBOOK: Thamel's detail that Johnson debuts against Charleston Southern then faces Clemson in Week 2 matches IMPORT SCHEDULE exactly (wk1 2026-09-05 Charleston Southern @ Georgia Southern, FCS - NO PLAY; wk2 2026-09-12 Georgia Southern @ Clemson). Supersedes the 2026-08-19 authoritative update, which as of its 2026-07-17 check recorded only 'would start if today'. Baseline and active values are 0/0 under the deviation-only convention: QB VALUES!G = F - D, so 0 - 0 = 0 and ENGINE!M contributes exactly nothing to any game. The zeros do not rate the quarterback - they record that the active starter IS the quarterback the preseason rating already assumed, so no deviation applies. No nonzero QB adjustment and no model change.",OVERWRITE with v0.8.8,QB ACTIVATION
SETTINGS,B4,4,2,B,results-through-week operational setting,0.0,,HOLD - ruling required,LIVE-ONLY DATA
SETTINGS,B5,5,2,B,run date used by line-staleness,2026-08-26 00:00:00,,HOLD - ruling required,LIVE-ONLY DATA
START HERE,A1,1,1,A,,"TO THE WINDOW — TTW COLLEGE FOOTBALL POWER RATINGS (v0.8.4 AUTHORITATIVE — promotion complete 2026-08-04. QB verification complete: backlog 0, audit-trail gap 0, all 73 Tier-1 records verified and stamped against team-specific primary sources; 69 H / 40 M / 29 L; 0 nonzero QB values. Preseason state: 8 market lines loaded (Week 0), BET toggle = N.)","TO THE WINDOW — TTW COLLEGE FOOTBALL POWER RATINGS (v0.8.8 AUTHORITATIVE — promotion complete 2026-08-04. QB verification complete: backlog 0, audit-trail gap 0, all 73 Tier-1 records verified and stamped against team-specific primary sources; 76 H / 43 M / 19 L; 0 nonzero QB values. Preseason state: 0 market lines loaded, BET toggle = N.)",OVERWRITE with v0.8.8,BANNER
